non_null_ratio,cardinality_ratio,numeric_ratio,date_ratio,avg_len,log_mean,cv,log_min,log_max,is_obj,is_int,is_float,nm_emb_0,nm_emb_1,nm_emb_2,nm_emb_3,nm_emb_4,nm_emb_5,nm_emb_6,nm_emb_7,nm_emb_8,nm_emb_9,nm_emb_10,nm_emb_11,nm_emb_12,nm_emb_13,nm_emb_14,nm_emb_15,nm_emb_16,nm_emb_17,nm_emb_18,nm_emb_19,nm_emb_20,nm_emb_21,nm_emb_22,nm_emb_23,nm_emb_24,nm_emb_25,nm_emb_26,nm_emb_27,nm_emb_28,nm_emb_29,nm_emb_30,nm_emb_31,nm_emb_32,nm_emb_33,nm_emb_34,nm_emb_35,nm_emb_36,nm_emb_37,nm_emb_38,nm_emb_39,nm_emb_40,nm_emb_41,nm_emb_42,nm_emb_43,nm_emb_44,nm_emb_45,nm_emb_46,nm_emb_47,nm_emb_48,nm_emb_49,nm_emb_50,nm_emb_51,nm_emb_52,nm_emb_53,nm_emb_54,nm_emb_55,nm_emb_56,nm_emb_57,nm_emb_58,nm_emb_59,nm_emb_60,nm_emb_61,nm_emb_62,nm_emb_63,nm_emb_64,nm_emb_65,nm_emb_66,nm_emb_67,nm_emb_68,nm_emb_69,nm_emb_70,nm_emb_71,nm_emb_72,nm_emb_73,nm_emb_74,nm_emb_75,nm_emb_76,nm_emb_77,nm_emb_78,nm_emb_79,nm_emb_80,nm_emb_81,nm_emb_82,nm_emb_83,nm_emb_84,nm_emb_85,nm_emb_86,nm_emb_87,nm_emb_88,nm_emb_89,nm_emb_90,nm_emb_91,nm_emb_92,nm_emb_93,nm_emb_94,nm_emb_95,nm_emb_96,nm_emb_97,nm_emb_98,nm_emb_99,nm_emb_100,nm_emb_101,nm_emb_102,nm_emb_103,nm_emb_104,nm_emb_105,nm_emb_106,nm_emb_107,nm_emb_108,nm_emb_109,nm_emb_110,nm_emb_111,nm_emb_112,nm_emb_113,nm_emb_114,nm_emb_115,nm_emb_116,nm_emb_117,nm_emb_118,nm_emb_119,nm_emb_120,nm_emb_121,nm_emb_122,nm_emb_123,nm_emb_124,nm_emb_125,nm_emb_126,nm_emb_127,nm_emb_128,nm_emb_129,nm_emb_130,nm_emb_131,nm_emb_132,nm_emb_133,nm_emb_134,nm_emb_135,nm_emb_136,nm_emb_137,nm_emb_138,nm_emb_139,nm_emb_140,nm_emb_141,nm_emb_142,nm_emb_143,nm_emb_144,nm_emb_145,nm_emb_146,nm_emb_147,nm_emb_148,nm_emb_149,target,nome_arquivo,nome_coluna
1.0,1.0,0.0,0.0,13.0,0.0,0.0,0.0,0.0,1,0,0,0.0,0.0,0.0,0.0,0.0,0.0,0.0,0.0,0.0,0.0,0.0,0.0,0.0,0.0,0.0,0.0,0.0,0.0,0.0,0.0,0.0,0.0,0.0,0.4795889761368946,0.0,0.0,0.0,0.0,0.0,0.0,0.0,0.0,0.0,0.0,0.0,0.0,0.0,0.0,0.0,0.0,0.0,0.0,0.0,0.0,0.0,0.0,0.0,0.0,0.0,0.0,0.0,0.0,0.0,0.0,0.0,0.0,0.0,0.0,0.0,0.0,0.0,0.0,0.0,0.0,0.0,0.0,0.0,0.0,0.0,0.0,0.0,0.0,0.0,0.0,0.0,0.0,0.0,0.0,0.0,0.0,0.0,0.0,0.0,0.0,0.0,0.0,0.0,0.0,0.0,0.4334421073385485,0.0,0.0,0.0,0.0,0.3697510132667747,0.0,0.0,0.0,0.0,0.0,0.0,0.0,0.0,0.0,0.0,0.2805087233906199,0.0,0.0,0.0,0.0,0.0,0.0,0.0,0.0,0.0,0.0,0.0,0.0,0.0,0.0,0.0,0.0,0.0,0.3697510132667747,0.4795889761368946,0.0,0.0,0.0,0.0,0.0,0.0,0.0,0.0,0.0,0.0,0.0,0.0,0.0,0.0,0.0,0.0,0.0,0.0,0.0,0.0,0.0,0.0,0.0,0.0,0.0,ID,biblioteca_emprestimos.csv,isbn_livro
1.0,1.0,0.0,0.0,17.633333333333333,0.0,0.0,0.0,0.0,1,0,0,0.0,0.0,0.0,0.0,0.0,0.0,0.0,0.0,0.0,0.0,0.0,0.0,0.0,0.2707726394863446,0.3127179190269809,0.0,0.0,0.0,0.0,0.0,0.0,0.0,0.0,0.3460117604325606,0.0,0.0,0.0,0.0,0.0,0.0,0.0,0.0,0.0,0.0,0.0,0.0,0.0,0.0,0.0,0.0,0.0,0.0,0.0,0.0,0.0,0.0,0.0,0.0,0.0,0.0,0.0,0.0,0.0,0.0,0.0,0.0,0.0,0.0,0.0,0.0,0.0,0.0,0.0,0.0,0.0,0.0,0.0,0.0,0.0,0.0,0.0,0.0,0.0,0.0,0.0,0.0,0.0,0.0,0.0,0.0,0.0,0.0,0.0,0.0,0.0,0.0,0.0,0.0,0.0,0.0,0.3127179190269809,0.0,0.0,0.0,0.2667663465759916,0.3127179190269809,0.0,0.0,0.0,0.0,0.0,0.0,0.0,0.0,0.0,0.20238020894244618,0.24026254657680587,0.0,0.0,0.0,0.0,0.0,0.0,0.0,0.0,0.0,0.0,0.0,0.0,0.0,0.0,0.0,0.0,0.2667663465759916,0.3460117604325606,0.0,0.0,0.0,0.0,0.0,0.0,0.0,0.0,0.0,0.0,0.0,0.0,0.0,0.24314399016626814,0.0,0.0,0.0,0.306145394877147,0.0,0.0,0.0,0.0,0.0,0.0,0.0,TEXTO_LIVRE,biblioteca_emprestimos.csv,titulo_livro
1.0,0.013333333333333334,0.0,0.0,7.4366666666666665,0.0,0.0,0.0,0.0,1,0,0,0.0,0.0,0.0,0.0,0.0,0.0,0.0,0.0,0.0,0.0,0.0,0.0,0.0,0.0,0.0,0.0,0.0,0.0,0.0,0.0,0.0,0.0,0.0,0.2780311879064785,0.0,0.0,0.0,0.0,0.0,0.0,0.0,0.0,0.0,0.0,0.0,0.0,0.0,0.0,0.0,0.0,0.0,0.0,0.0,0.21757421919661635,0.2780311879064785,0.0,0.0,0.0,0.0,0.0,0.0,0.0,0.0,0.0,0.0,0.0,0.0,0.0,0.0,0.0,0.0,0.0,0.0,0.0,0.0,0.0,0.0,0.0,0.0,0.0,0.0,0.0,0.19537374201887725,0.0,0.4565944740097027,0.0,0.0,0.27025984955989735,0.0,0.0,0.0,0.0,0.0,0.0,0.0,0.0,0.0,0.24599732593881307,0.0,0.0,0.25127855307004665,0.0,0.0,0.0,0.21435503850872795,0.0,0.0,0.0,0.0,0.0,0.0,0.2780311879064785,0.0,0.0,0.0,0.16261877871054775,0.193058412669776,0.0,0.0,0.0,0.0,0.0,0.0,0.0,0.0,0.0,0.0,0.0,0.0,0.0,0.1865633252539134,0.0,0.22095855670647102,0.21435503850872795,0.0,0.0,0.0,0.0,0.0,0.0,0.0,0.0,0.0,0.0,0.0,0.0,0.19537374201887725,0.0,0.0,0.0,0.0,0.0,0.0,0.0,0.0,0.0,0.0,0.0,0.0,0.0,CATEGORICO_NOMINAL,biblioteca_emprestimos.csv,genero_literario
1.0,0.1,1.0,0.0,1.6466666666666667,2.7089386951633254,0.5889167797694613,0.0,3.4011973816621555,0,1,0,0.0,0.0,0.0,0.21479134601946467,0.0,0.0,0.0,0.0,0.0,0.0,0.0,0.0,0.0,0.0,0.0,0.0,0.27044625449453363,0.0,0.0,0.0,0.0,0.0,0.0,0.0,0.0,0.0,0.0,0.0,0.0,0.0,0.0,0.0,0.0,0.0,0.0,0.0,0.0,0.0,0.0,0.0,0.0,0.0,0.0,0.0,0.0,0.6306998445656975,0.18537984789947057,0.0,0.0,0.0,0.0,0.0,0.0,0.0,0.0,0.0,0.0,0.0,0.0,0.0,0.0,0.0,0.0,0.0,0.29712015679353454,0.0,0.0,0.0,0.0,0.0,0.0,0.0,0.0,0.0,0.0,0.0,0.0,0.0,0.2553845767701387,0.0,0.0,0.0,0.0,0.0,0.0,0.0,0.0,0.0,0.0,0.0,0.0,0.0,0.0,0.0,0.0,0.0,0.0,0.0,0.0,0.0,0.0,0.0,0.0,0.0,0.0,0.17878096619506384,0.0,0.0,0.0,0.0,0.0,0.0,0.0,0.0,0.0,0.0,0.0,0.0,0.0,0.0,0.2051052886384467,0.0,0.0,0.0,0.0,0.0,0.0,0.2762523667818366,0.0,0.0,0.0,0.0,0.0,0.0,0.0,0.0,0.0,0.0,0.0,0.0,0.24684086866184252,0.2894775494613024,0.0,0.0,0.0,0.0,0.0,0.0,0.0,0.0,NUMERICO_INTEIRO,biblioteca_emprestimos.csv,dias_atraso
1.0,0.95,1.0,0.0,4.69,3.2695613345920664,0.5986529134267313,0.3074846997479606,3.928683446321253,0,0,1,0.0,0.0,0.0,0.0,0.0,0.0,0.0,0.0,0.3533291586297537,0.0,0.0,0.0,0.0,0.0,0.0,0.0,0.0,0.0,0.0,0.3360192419027808,0.0,0.0,0.0,0.0,0.0,0.0,0.0,0.0,0.2585625202410366,0.23374697501897632,0.0,0.0,0.0,0.0,0.0,0.0,0.0,0.0,0.0,0.0,0.0,0.0,0.0,0.0,0.0,0.0,0.0,0.0,0.0,0.0,0.0,0.0,0.0,0.0,0.0,0.0,0.0,0.23374697501897632,0.0,0.0,0.0,0.0,0.2585625202410366,0.0,0.0,0.0,0.0,0.0,0.0,0.0,0.0,0.0,0.0,0.0,0.0,0.0,0.3360192419027808,0.0,0.0,0.0,0.0,0.22908311966285727,0.0,0.3092651811315492,0.0,0.0,0.0,0.0,0.0,0.0,0.0,0.0,0.0,0.0,0.0,0.0,0.0,0.0,0.0,0.0,0.0,0.0,0.0,0.0,0.0,0.0,0.0,0.0,0.0,0.0,0.0,0.0,0.0,0.0,0.0,0.0,0.0,0.0,0.0,0.0,0.0,0.0,0.0,0.0,0.0,0.0,0.0,0.0,0.0,0.0,0.0,0.0,0.0,0.0,0.22908311966285727,0.28444963590948896,0.0,0.0,0.0,0.0,0.0,0.0,0.0,0.0,0.0,0.0,0.0,0.0,0.0,0.3533291586297537,NUMERICO_CONTINUO,biblioteca_emprestimos.csv,multa_devida
1.0,1.0,0.0,1.0,19.0,0.0,0.0,0.0,0.0,1,0,0,0.0,0.0,0.0,0.18566324406576784,0.2207515800157527,0.2207515800157527,0.0,0.0,0.0,0.0,0.0,0.0,0.0,0.0,0.0,0.0,0.0,0.0,0.0,0.24424514455717347,0.0,0.0,0.0,0.0,0.0,0.0,0.0,0.0,0.0,0.16990563808197026,0.0,0.0,0.0,0.0,0.0,0.0,0.0,0.0,0.0,0.0,0.2207515800157527,0.2642124359433535,0.0,0.0,0.0,0.0,0.16024027309887662,0.20997643807349275,0.2207515800157527,0.0,0.20370112902647736,0.24424514455717347,0.0,0.0,0.0,0.0,0.0,0.16990563808197026,0.0,0.0,0.20078428862957273,0.2169503700731531,0.18794352304267978,0.0,0.0,0.0,0.0,0.0,0.0,0.0,0.0,0.0,0.0,0.0,0.0,0.0,0.24424514455717347,0.0,0.0,0.0,0.0,0.0,0.0,0.0,0.0,0.0,0.0,0.0,0.0,0.0,0.0,0.0,0.0,0.0,0.0,0.0,0.2642124359433535,0.0,0.0,0.0,0.0,0.0,0.0,0.0,0.0,0.15453627334678524,0.0,0.0,0.2568273499371718,0.0,0.0,0.0,0.0,0.0,0.0,0.0,0.0,0.0,0.0,0.0,0.0,0.0,0.0,0.0,0.0,0.0,0.0,0.0,0.0,0.0,0.0,0.0,0.0,0.0,0.16651558214589196,0.20676030946480609,0.0,0.0,0.0,0.0,0.0,0.0,0.0,0.0,0.0,0.0,0.0,0.0,0.0,0.0,DATA_HORA,biblioteca_emprestimos.csv,data_devolucao
1.0,1.0,0.0,0.0,9.0,0.0,0.0,0.0,0.0,1,0,0,0.0,0.22094095032534367,0.0,0.0,0.0,0.0,0.0,0.0,0.0,0.0,0.0,0.0,0.0,0.0,0.0,0.0,0.0,0.0,0.0,0.0,0.22365450306272536,0.23893513098640917,0.23893513098640917,0.0,0.0,0.0,0.0,0.0,0.0,0.0,0.0,0.0,0.0,0.0,0.0,0.0,0.0,0.0,0.0,0.24604665017344224,0.0,0.0,0.0,0.0,0.0,0.0,0.19068738347756814,0.0,0.0,0.0,0.24240619760749643,0.0,0.0,0.0,0.0,0.2356183859853093,0.0,0.2021892557805726,0.0,0.0,0.23893513098640917,0.0,0.0,0.0,0.3056268840404292,0.0,0.0,0.0,0.0,0.0,0.0,0.0,0.0,0.0,0.0,0.0,0.0,0.0,0.0,0.0,0.0,0.39631011672142247,0.2356183859853093,0.267511897455595,0.0,0.0,0.0,0.0,0.0,0.0,0.0,0.0,0.0,0.0,0.0,0.0,0.0,0.0,0.0,0.0,0.0,0.0,0.0,0.0,0.0,0.0,0.21832262986210985,0.0,0.0,0.0,0.0,0.0,0.0,0.0,0.0,0.0,0.0,0.0,0.0,0.0,0.0,0.0,0.0,0.0,0.0,0.0,0.0,0.0,0.0,0.0,0.0,0.0,0.0,0.0,0.0,0.0,0.0,0.0,0.0,0.2293969108707608,0.0,0.0,0.0,0.0,0.0,0.0,0.0,0.0,0.0,0.0,ID,candidatos_vagas.csv,candidato_id
1.0,0.013333333333333334,0.0,0.0,8.853333333333333,0.0,0.0,0.0,0.0,1,0,0,0.0,0.0,0.0,0.0,0.0,0.0,0.0,0.0,0.0,0.0,0.0,0.0,0.0,0.0,0.0,0.35947251010890413,0.3272009378355881,0.0,0.0,0.0,0.0,0.0,0.0,0.0,0.0,0.0,0.0,0.0,0.26305815951217904,0.2378111451834164,0.0,0.0,0.2733948133173976,0.0,0.0,0.0,0.0,0.3502260581981935,0.0,0.0,0.0,0.0,0.0,0.0,0.0,0.0,0.0,0.0,0.0,0.0,0.285113544881722,0.0,0.0,0.0,0.0,0.0,0.0,0.2378111451834164,0.0,0.0,0.0,0.0,0.0,0.0,0.0,0.0,0.0,0.0,0.0,0.0,0.0,0.0,0.0,0.0,0.0,0.0,0.0,0.0,0.0,0.0,0.30365805712799004,0.0,0.0,0.0,0.0,0.0,0.0,0.0,0.0,0.0,0.0,0.0,0.0,0.0,0.285113544881722,0.0,0.0,0.0,0.0,0.0,0.0,0.0,0.0,0.0,0.0,0.0,0.0,0.0,0.0,0.0,0.0,0.0,0.0,0.0,0.0,0.0,0.0,0.0,0.0,0.0,0.0,0.0,0.0,0.0,0.0,0.0,0.0,0.0,0.0,0.0,0.0,0.0,0.0,0.0,0.0,0.0,0.0,0.0,0.0,0.0,0.0,0.0,0.0,0.0,0.0,0.0,0.0,0.35947251010890413,0.0,0.0,CATEGORICO_NOMINAL,candidatos_vagas.csv,vaga_aplicada
1.0,0.05,1.0,0.0,1.3,2.0364470501069802,0.6390170361260656,0.0,2.70805020110221,0,1,0,0.2872521726539783,0.0,0.0,0.0,0.0,0.0,0.0,0.0,0.0,0.0,0.0,0.0,0.0,0.0,0.0,0.0,0.0,0.0,0.0,0.0,0.0,0.0,0.0,0.0,0.0,0.0,0.0,0.0,0.22103688254738404,0.0,0.0,0.0,0.0,0.0,0.0,0.0,0.0,0.0,0.0,0.24316695515096207,0.0,0.0,0.0,0.0,0.0,0.0,0.0,0.0,0.0,0.0,0.0,0.0,0.0,0.2749334040802121,0.0,0.0,0.0,0.0,0.0,0.0,0.0,0.0,0.0,0.0,0.0,0.0,0.0,0.0,0.0,0.0,0.0,0.0,0.2183550888455575,0.0,0.25515129594320335,0.0,0.0,0.0,0.25962182827130886,0.3107353327515689,0.0,0.0,0.0,0.0,0.0,0.0,0.0,0.0,0.0,0.0,0.0,0.0,0.0,0.0,0.0,0.0,0.0,0.0,0.0,0.0,0.2942804596312221,0.0,0.2694685933258176,0.0,0.0,0.0,0.0,0.0,0.0,0.0,0.0,0.0,0.2749334040802121,0.0,0.2872521726539783,0.0,0.0,0.0,0.0,0.0,0.0,0.0,0.24694938420213042,0.0,0.0,0.0,0.0,0.28083584935017397,0.0,0.0,0.0,0.0,0.0,0.0,0.0,0.0,0.0,0.0,0.0,0.0,0.0,0.0,0.0,0.0,0.0,0.0,0.0,0.0,0.0,0.0,NUMERICO_INTEIRO,candidatos_vagas.csv,anos_experiencia
1.0,1.0,1.0,0.0,7.516666666666667,9.355823318156421,0.4124898427300364,8.012667680198726,9.901707970018037,0,0,1,0.0,0.0,0.0,0.0,0.0,0.0,0.0,0.0,0.0,0.19332030210259302,0.2432540927185063,0.0,0.0,0.0,0.0,0.0,0.0,0.0,0.0,0.0,0.0,0.0,0.0,0.0,0.0,0.0,0.23037266338041348,0.0,0.0,0.0,0.0,0.0,0.0,0.0,0.0,0.0,0.0,0.0,0.36458247599545796,0.0,0.2032407184816295,0.0,0.23645482004359325,0.1903592891435367,0.2432540927185063,0.0,0.0,0.0,0.0,0.0,0.0,0.0,0.0,0.0,0.0,0.0,0.0,0.0,0.0,0.0,0.0,0.0,0.0,0.0,0.0,0.0,0.0,0.0,0.0,0.0,0.0,0.0,0.1709357238433541,0.0,0.0,0.0,0.0,0.0,0.2032407184816295,0.0,0.0,0.0,0.0,0.0,0.0,0.0,0.0,0.0,0.0,0.0,0.0,0.21522713614615427,0.22487068342571806,0.0,0.0,0.0,0.0,0.0,0.0,0.0,0.0,0.0,0.0,0.0,0.0,0.0,0.16891000383546198,0.0,0.0,0.0,0.0,0.0,0.0,0.0,0.0,0.0,0.20696633992451854,0.0,0.0,0.0,0.0,0.18485730918884127,0.19332030210259302,0.0,0.0,0.0,0.0,0.0,0.43045427229230854,0.0,0.0,0.0,0.0,0.0,0.0,0.0,0.1709357238433541,0.0,0.0,0.0,0.0,0.0,0.0,0.0,0.0,0.0,0.0,0.0,0.0,0.0,NUMERICO_CONTINUO,candidatos_vagas.csv,pretensao_salarial
1.0,0.013333333333333334,0.0,0.0,8.596666666666666,0.0,0.0,0.0,0.0,1,0,0,0.0,0.0,0.0,0.0,0.0,0.0,0.2511673034509991,0.0,0.0,0.0,0.0,0.0,0.0,0.0,0.0,0.0,0.0,0.0,0.0,0.0,0.0,0.0,0.0,0.0,0.0,0.0,0.0,0.0,0.0,0.0,0.0,0.0,0.19606718698116063,0.24516868604308056,0.26521147789413063,0.0,0.0,0.0,0.0,0.0,0.0,0.0,0.0,0.20754211302440576,0.26521147789413063,0.0,0.0,0.0,0.0,0.0,0.0,0.0,0.0,0.0,0.18202301253802908,0.0,0.0,0.17054808649478398,0.24516868604308056,0.24516868604308056,0.0,0.0,0.18865417643500063,0.23465466180787617,0.0,0.0,0.0,0.16882365407989017,0.0,0.0,0.0,0.0,0.0,0.0,0.0,0.20754211302440576,0.0,0.0,0.0,0.0,0.0,0.1671452120549758,0.0,0.2256482029646224,0.24516868604308056,0.0,0.0,0.0,0.0,0.0,0.0,0.0,0.24516868604308056,0.0,0.0,0.0,0.0,0.0,0.0,0.0,0.0,0.0,0.0,0.0,0.0,0.0,0.0,0.0,0.2577984673479707,0.0,0.0,0.0,0.0,0.0,0.0,0.0,0.0,0.0,0.0,0.0,0.0,0.0,0.21077040248156914,0.0,0.0,0.0,0.0,0.0,0.0,0.0,0.0,0.0,0.0,0.0,0.0,0.0,0.0,0.0,0.0,0.0,0.0,0.0,0.0,0.0,0.0,0.0,0.0,0.0,0.0,0.0,CATEGORICO_ORDINAL,candidatos_vagas.csv,escolaridade
1.0,0.006666666666666667,0.0,0.0,4.906666666666666,0.08923113372794268,3.1219825374537677,0.0,0.693359375,0,0,0,0.0,0.21137631085114217,0.2608561927665689,0.0,0.0,0.0,0.0,0.0,0.0,0.0,0.0,0.0,0.0,0.0,0.0,0.0,0.0,0.0,0.0,0.0,0.0,0.0,0.0,0.0,0.0,0.0,0.0,0.0,0.0,0.0,0.0,0.0,0.22238026159775542,0.0,0.0,0.2923961499679734,0.2923961499679734,0.0,0.0,0.0,0.0,0.0,0.0,0.0,0.0,0.0,0.18243243539050666,0.239056712969617,0.0,0.0,0.0,0.0,0.0,0.0,0.20645129747747049,0.0,0.0,0.0,0.0,0.0,0.0,0.0,0.0,0.0,0.0,0.2923961499679734,0.2923961499679734,0.0,0.0,0.0,0.0,0.0,0.0,0.0,0.0,0.0,0.0,0.0,0.0,0.0,0.0,0.0,0.0,0.0,0.0,0.0,0.0,0.0,0.0,0.0,0.0,0.0,0.0,0.0,0.0,0.0,0.0,0.0,0.0,0.0,0.0,0.0,0.0,0.21666646251589497,0.0,0.1759384713818534,0.0,0.0,0.0,0.0,0.2608561927665689,0.0,0.0,0.0,0.0,0.0,0.0,0.0,0.0,0.0,0.20184425514296425,0.0,0.0,0.0,0.0,0.0,0.0,0.0,0.0,0.0,0.0,0.0,0.0,0.0,0.18957683105419026,0.0,0.0,0.0,0.0,0.0,0.24291626805254665,0.28487505485353276,0.0,0.0,0.0,0.0,0.0,0.0,0.0,0.0,BOOLEANO,candidatos_vagas.csv,contratado
1.0,1.0,0.0,0.0,4.0,0.0,0.0,0.0,0.0,1,0,0,0.0,0.0,0.0,0.0,0.0,0.0,0.0,0.0,0.0,0.0,0.0,0.0,0.0,0.0,0.0,0.0,0.0,0.0,0.0,0.0,0.0,0.0,0.0,0.0,0.0,0.0,0.0,0.0,0.0,0.0,0.0,0.0,0.0,0.0,0.0,0.0,0.0,0.0,0.0,0.0,0.0,0.0,0.0,0.0,0.0,0.0,0.0,0.0,0.0,0.0,0.0,0.0,0.0,0.0,0.0,0.6077617092039392,0.0,0.0,0.0,0.0,0.0,0.0,0.0,0.0,0.0,0.0,0.0,0.0,0.0,0.0,0.0,0.0,0.0,0.0,0.0,0.0,0.0,0.0,0.0,0.0,0.0,0.5111275864703573,0.6077617092039392,0.0,0.0,0.0,0.0,0.0,0.0,0.0,0.0,0.0,0.0,0.0,0.0,0.0,0.0,0.0,0.0,0.0,0.0,0.0,0.0,0.0,0.0,0.0,0.0,0.0,0.0,0.0,0.0,0.0,0.0,0.0,0.0,0.0,0.0,0.0,0.0,0.0,0.0,0.0,0.0,0.0,0.0,0.0,0.0,0.0,0.0,0.0,0.0,0.0,0.0,0.0,0.0,0.0,0.0,0.0,0.0,0.0,0.0,0.0,0.0,0.0,0.0,0.0,0.0,0.0,0.0,0.0,ID,clientes_simples.csv,id
1.0,1.0,0.0,0.0,11.0,0.0,0.0,0.0,0.0,1,0,0,0.0,0.0,0.0,0.0,0.0,0.0,0.0,0.0,0.0,0.0,0.0,0.0,0.0,0.0,0.0,0.0,0.0,0.0,0.0,0.0,0.0,0.0,0.0,0.0,0.0,0.0,0.0,0.0,0.0,0.0,0.0,0.0,0.0,0.0,0.0,0.0,0.0,0.0,0.0,0.0,0.0,0.0,0.0,0.0,0.0,0.0,0.0,0.0,0.0,0.0,0.0,0.0,0.0,0.0,0.0,0.0,0.0,0.0,0.0,0.0,0.0,0.0,0.0,0.0,0.0,0.0,0.0,0.38886984285786225,0.0,0.0,0.0,0.0,0.0,0.0,0.0,0.0,0.0,0.0,0.0,0.0,0.0,0.0,0.0,0.0,0.0,0.0,0.0,0.0,0.0,0.0,0.0,0.0,0.0,0.0,0.0,0.0,0.0,0.0,0.4642370045628776,0.0,0.0,0.0,0.5297619977144974,0.0,0.0,0.0,0.0,0.0,0.0,0.593815185632477,0.0,0.0,0.0,0.0,0.0,0.0,0.0,0.0,0.0,0.0,0.0,0.0,0.0,0.0,0.0,0.0,0.0,0.0,0.0,0.0,0.0,0.0,0.0,0.0,0.0,0.0,0.0,0.0,0.0,0.0,0.0,0.0,0.0,0.0,0.0,0.0,0.0,0.0,0.0,0.0,TEXTO_LIVRE,clientes_simples.csv,nome
0.8,1.0,0.0,0.0,14.95,0.0,0.0,0.0,0.0,1,0,0,0.0,0.0,0.0,0.0,0.0,0.0,0.5199824465760624,0.0,0.0,0.0,0.0,0.0,0.0,0.0,0.0,0.0,0.0,0.0,0.0,0.0,0.0,0.0,0.0,0.0,0.0,0.0,0.0,0.0,0.0,0.0,0.0,0.0,0.0,0.0,0.0,0.0,0.0,0.0,0.0,0.0,0.0,0.0,0.0,0.0,0.0,0.0,0.0,0.0,0.0,0.0,0.0,0.0,0.0,0.0,0.0,0.0,0.0,0.0,0.0,0.0,0.0,0.0,0.0,0.0,0.0,0.0,0.0,0.0,0.0,0.0,0.0,0.507563729199293,0.0,0.0,0.0,0.0,0.0,0.0,0.0,0.0,0.0,0.0,0.0,0.0,0.0,0.0,0.0,0.0,0.0,0.0,0.0,0.4857969308538699,0.0,0.0,0.0,0.0,0.0,0.4857969308538699,0.0,0.0,0.0,0.0,0.0,0.0,0.0,0.0,0.0,0.0,0.0,0.0,0.0,0.0,0.0,0.0,0.0,0.0,0.0,0.0,0.0,0.0,0.0,0.0,0.0,0.0,0.0,0.0,0.0,0.0,0.0,0.0,0.0,0.0,0.0,0.0,0.0,0.0,0.0,0.0,0.0,0.0,0.0,0.0,0.0,0.0,0.0,0.0,0.0,0.0,0.0,0.0,TEXTO_LIVRE,clientes_simples.csv,email
0.96,0.875,0.4166666666666667,0.0,12.75,24.7968007028422,0.5749151366820425,16.224456725889727,25.327435633942255,1,0,0,0.0,1.0,0.0,0.0,0.0,0.0,0.0,0.0,0.0,0.0,0.0,0.0,0.0,0.0,0.0,0.0,0.0,0.0,0.0,0.0,0.0,0.0,0.0,0.0,0.0,0.0,0.0,0.0,0.0,0.0,0.0,0.0,0.0,0.0,0.0,0.0,0.0,0.0,0.0,0.0,0.0,0.0,0.0,0.0,0.0,0.0,0.0,0.0,0.0,0.0,0.0,0.0,0.0,0.0,0.0,0.0,0.0,0.0,0.0,0.0,0.0,0.0,0.0,0.0,0.0,0.0,0.0,0.0,0.0,0.0,0.0,0.0,0.0,0.0,0.0,0.0,0.0,0.0,0.0,0.0,0.0,0.0,0.0,0.0,0.0,0.0,0.0,0.0,0.0,0.0,0.0,0.0,0.0,0.0,0.0,0.0,0.0,0.0,0.0,0.0,0.0,0.0,0.0,0.0,0.0,0.0,0.0,0.0,0.0,0.0,0.0,0.0,0.0,0.0,0.0,0.0,0.0,0.0,0.0,0.0,0.0,0.0,0.0,0.0,0.0,0.0,0.0,0.0,0.0,0.0,0.0,0.0,0.0,0.0,0.0,0.0,0.0,0.0,0.0,0.0,0.0,0.0,0.0,0.0,0.0,0.0,0.0,0.0,0.0,0.0,ID,clientes_simples.csv,cpf
1.0,1.0,0.0,1.0,10.0,0.0,0.0,0.0,0.0,1,0,0,0.0,0.0,0.0,0.1919042592724292,0.22817207928961442,0.22817207928961442,0.0,0.0,0.0,0.0,0.0,0.0,0.0,0.0,0.0,0.0,0.0,0.0,0.0,0.0,0.0,0.0,0.0,0.0,0.0,0.0,0.0,0.0,0.0,0.17561696600959958,0.0,0.0,0.0,0.0,0.0,0.0,0.0,0.0,0.0,0.0,0.0,0.0,0.0,0.0,0.0,0.28174781884286937,0.1656267026324218,0.21703473412800448,0.22817207928961442,0.0,0.0,0.0,0.0,0.24162886030367872,0.0,0.0,0.0,0.17561696600959958,0.0,0.0,0.20753359329082255,0.224243092795577,0.0,0.0,0.0,0.0,0.0,0.0,0.0,0.0,0.0,0.0,0.1919042592724292,0.23235471944962155,0.0,0.0,0.0,0.0,0.0,0.0,0.0,0.0,0.0,0.0,0.0,0.26546052558003974,0.0,0.0,0.0,0.0,0.0,0.0,0.0,0.0,0.0,0.0,0.0,0.0,0.20753359329082255,0.2368260390576493,0.0,0.0,0.0,0.19670708051845867,0.0,0.1597309646104821,0.0,0.0,0.0,0.0,0.0,0.0,0.0,0.0,0.0,0.0,0.0,0.0,0.0,0.0,0.0,0.0,0.0,0.0,0.0,0.0,0.0,0.0,0.0,0.0,0.0,0.0,0.0,0.0,0.1721129543427844,0.2137104963044089,0.0,0.0,0.0,0.19924891331920336,0.0,0.0,0.0,0.0,0.0,0.0,0.0,0.0,0.0,0.0,DATA_HORA,clientes_simples.csv,data_nascimento
1.0,1.0,0.0,0.0,8.2,0.0,0.0,0.0,0.0,1,0,0,0.0,0.2283468199210964,0.0,0.0,0.0,0.0,0.0,0.0,0.0,0.0,0.0,0.0,0.0,0.0,0.0,0.0,0.0,0.0,0.0,0.0,0.0,0.0,0.0,0.0,0.0,0.0,0.0,0.0,0.0,0.0,0.0,0.0,0.2402342312844589,0.30039657187635166,0.32495430010853205,0.0,0.0,0.0,0.0,0.0,0.0,0.0,0.0,0.0,0.0,0.0,0.0,0.0,0.0,0.0,0.0,0.0,0.0,0.2875141076112159,0.0,0.0,0.0,0.20896657460611515,0.30039657187635166,0.30039657187635166,0.0,0.0,0.23115133007350075,0.2875141076112159,0.0,0.0,0.0,0.20685368819216451,0.0,0.0,0.0,0.0,0.0,0.0,0.0,0.0,0.0,0.0,0.0,0.0,0.0,0.20479715218622088,0.0,0.27647881022097953,0.30039657187635166,0.0,0.0,0.0,0.0,0.0,0.0,0.0,0.0,0.0,0.0,0.0,0.0,0.0,0.0,0.0,0.0,0.0,0.0,0.0,0.0,0.0,0.0,0.0,0.0,0.0,0.0,0.0,0.0,0.0,0.0,0.0,0.0,0.0,0.0,0.0,0.0,0.0,0.0,0.0,0.0,0.0,0.0,0.0,0.0,0.0,0.0,0.0,0.0,0.0,0.0,0.0,0.0,0.0,0.0,0.0,0.0,0.0,0.0,0.0,0.0,0.0,0.0,0.0,0.0,0.0,TEXTO_LIVRE,clientes_simples.csv,cidade
1.0,0.96,0.0,0.0,2.0,0.0,0.0,0.0,0.0,1,0,0,0.0,0.0,0.0,0.0,0.0,0.0,0.33469086457866054,0.0,0.0,0.0,0.0,0.0,0.0,0.0,0.0,0.0,0.0,0.0,0.0,0.0,0.0,0.0,0.0,0.0,0.0,0.0,0.0,0.0,0.0,0.0,0.0,0.0,0.26126767069039664,0.0,0.0,0.3435271659098694,0.3435271659098694,0.0,0.0,0.0,0.0,0.0,0.0,0.0,0.0,0.0,0.0,0.0,0.0,0.0,0.0,0.0,0.0,0.0,0.0,0.0,0.0,0.0,0.0,0.0,0.0,0.0,0.0,0.0,0.0,0.3435271659098694,0.3435271659098694,0.0,0.0,0.0,0.0,0.0,0.0,0.0,0.0,0.27655848627674606,0.0,0.0,0.0,0.0,0.0,0.0,0.0,0.0,0.0,0.0,0.0,0.0,0.0,0.0,0.0,0.0,0.0,0.0,0.0,0.0,0.0,0.0,0.0,0.0,0.0,0.0,0.0,0.0,0.0,0.2067046520788417,0.0,0.0,0.0,0.0,0.0,0.0,0.0,0.0,0.0,0.0,0.0,0.0,0.0,0.0,0.0,0.0,0.0,0.0,0.0,0.0,0.0,0.0,0.0,0.0,0.26856507941626856,0.326697457718183,0.0,0.0,0.2227279377698828,0.0,0.0,0.0,0.0,0.0,0.0,0.0,0.0,0.0,0.0,0.0,0.0,0.0,0.0,0.0,TEXTO_LIVRE,clientes_simples.csv,estado
1.0,0.96,0.72,0.0,6.64,8.650482054632882,0.5673198669347642,7.824445930877619,9.61587214452889,1,0,0,0.0,0.0,0.0,0.0,0.0,0.0,0.0,0.0,0.0,0.0,0.0,0.0,0.31918251923334795,0.0,0.0,0.0,0.0,0.0,0.0,0.0,0.0,0.0,0.0,0.0,0.0,0.0,0.0,0.0,0.0,0.0,0.0,0.0,0.0,0.0,0.0,0.0,0.0,0.0,0.300972923927065,0.0,0.0,0.0,0.0,0.31429372294307195,0.4016259714228629,0.0,0.0,0.0,0.0,0.0,0.0,0.0,0.0,0.0,0.0,0.0,0.0,0.0,0.0,0.0,0.0,0.0,0.0,0.0,0.0,0.0,0.0,0.0,0.0,0.0,0.0,0.0,0.0,0.0,0.0,0.0,0.0,0.0,0.0,0.0,0.0,0.0,0.0,0.0,0.0,0.0,0.0,0.3553519148032971,0.0,0.0,0.0,0.0,0.37127394514133977,0.0,0.0,0.0,0.0,0.0,0.0,0.0,0.0,0.0,0.0,0.0,0.0,0.23490862828378925,0.0,0.0,0.0,0.0,0.0,0.0,0.0,0.0,0.0,0.0,0.0,0.0,0.0,0.0,0.0,0.0,0.31918251923334795,0.0,0.0,0.0,0.0,0.0,0.3553519148032971,0.0,0.0,0.0,0.0,0.0,0.0,0.0,0.0,0.0,0.0,0.0,0.0,0.0,0.0,0.0,0.0,0.0,0.0,0.0,0.0,0.0,NUMERICO,clientes_simples.csv,salario
1.0,0.52,0.24,0.0,2.56,0.5108256237659907,0.7745966692414835,0.0,0.6931471805599453,1,0,0,0.6443477553194599,0.0,0.0,0.0,0.0,0.0,0.0,0.0,0.0,0.0,0.0,0.0,0.0,0.0,0.0,0.0,0.0,0.0,0.0,0.0,0.0,0.0,0.0,0.0,0.0,0.0,0.0,0.0,0.0,0.0,0.0,0.0,0.0,0.0,0.0,0.0,0.0,0.0,0.0,0.0,0.0,0.0,0.0,0.0,0.0,0.0,0.4227329082436243,0.0,0.0,0.0,0.0,0.0,0.0,0.0,0.0,0.0,0.0,0.0,0.0,0.0,0.0,0.0,0.0,0.0,0.0,0.0,0.0,0.0,0.0,0.0,0.0,0.0,0.0,0.0,0.0,0.0,0.0,0.0,0.0,0.0,0.0,0.0,0.0,0.0,0.0,0.0,0.0,0.0,0.0,0.0,0.0,0.0,0.0,0.0,0.0,0.0,0.0,0.0,0.0,0.0,0.0,0.0,0.0,0.0,0.0,0.4076850781495342,0.0,0.0,0.0,0.0,0.0,0.0,0.0,0.0,0.0,0.0,0.0,0.0,0.0,0.0,0.0,0.0,0.0,0.0,0.0,0.0,0.0,0.0,0.0,0.0,0.0,0.0,0.0,0.0,0.0,0.0,0.0,0.0,0.4898017308634885,0.0,0.0,0.0,0.0,0.0,0.0,0.0,0.0,0.0,0.0,0.0,BOOLEANO,clientes_simples.csv,ativo
1.0,0.16666666666666666,0.0,0.3933333333333333,3.8366666666666664,0.0,0.0,0.0,0.0,1,0,0,0.0,0.0,0.0,0.0,0.0,0.0,0.0,0.0,0.0,0.0,0.0,0.0,0.0,0.2983970763149711,0.0,0.0,0.0,0.0,0.0,0.0,0.2712406357556602,0.2897724657702934,0.2897724657702934,0.0,0.0,0.0,0.0,0.0,0.0,0.0,0.0,0.0,0.0,0.0,0.0,0.0,0.0,0.0,0.28575002933186666,0.0,0.31858931841956556,0.0,0.3706539738567126,0.0,0.0,0.0,0.0,0.0,0.0,0.0,0.0,0.0,0.0,0.0,0.0,0.28575002933186666,0.0,0.0,0.0,0.0,0.0,0.0,0.0,0.0,0.0,0.0,0.0,0.0,0.0,0.0,0.0,0.0,0.0,0.0,0.0,0.0,0.0,0.0,0.0,0.0,0.0,0.24031576951028513,0.28575002933186666,0.0,0.0,0.0,0.0,0.0,0.0,0.0,0.0,0.0,0.0,0.0,0.0,0.0,0.0,0.0,0.0,0.0,0.0,0.0,0.0,0.0,0.0,0.0,0.2647743198223838,0.0,0.0,0.0,0.0,0.0,0.0,0.0,0.0,0.0,0.0,0.0,0.0,0.0,0.0,0.0,0.0,0.0,0.0,0.0,0.0,0.0,0.0,0.0,0.0,0.0,0.0,0.0,0.24031576951028513,0.0,0.0,0.0,0.0,0.0,0.0,0.0,0.0,0.0,0.0,0.0,0.0,0.0,0.0,0.0,ID,colheita_safra.csv,talhao_id
1.0,0.013333333333333334,0.0,0.0,4.516666666666667,0.0,0.0,0.0,0.0,1,0,0,0.0,0.35309486572766496,0.0,0.0,0.0,0.0,0.0,0.0,0.0,0.0,0.0,0.0,0.0,0.0,0.0,0.0,0.0,0.0,0.0,0.0,0.0,0.0,0.0,0.0,0.0,0.0,0.0,0.0,0.35743150652711764,0.0,0.0,0.0,0.0,0.0,0.0,0.0,0.0,0.0,0.0,0.0,0.0,0.0,0.0,0.0,0.0,0.0,0.0,0.0,0.0,0.0,0.0,0.0,0.0,0.0,0.0,0.0,0.0,0.0,0.0,0.0,0.0,0.0,0.0,0.0,0.0,0.0,0.0,0.0,0.0,0.0,0.0,0.0,0.0,0.0,0.0,0.0,0.0,0.0,0.0,0.0,0.0,0.0,0.0,0.0,0.0,0.0,0.0,0.0,0.0,0.0,0.0,0.0,0.0,0.0,0.0,0.0,0.0,0.0,0.0,0.0,0.0,0.0,0.0,0.0,0.0,0.0,0.0,0.0,0.0,0.0,0.0,0.0,0.0,0.0,0.0,0.0,0.0,0.0,0.0,0.0,0.33717198431850864,0.0,0.0,0.0,0.0,0.0,0.0,0.0,0.0,0.0,0.0,0.0,0.0,0.0,0.0,0.0,0.0,0.0,0.0,0.0,0.0,0.0,0.44458580704943085,0.0,0.44458580704943085,0.48843495705124274,0.0,0.0,0.0,0.0,CATEGORICO_NOMINAL,colheita_safra.csv,cultura
1.0,0.83,1.0,0.0,3.9166666666666665,1.9604515279183445,0.36654429866546745,1.1346227261911428,2.390595970316759,0,0,1,0.0,0.0,0.0,0.0,0.0,0.0,0.0,0.0,0.0,0.20575831076642342,0.2589047847557003,0.0,0.0,0.0,0.0,0.0,0.0,0.0,0.0,0.0,0.0,0.0,0.0,0.0,0.0,0.0,0.0,0.2163169954676653,0.0,0.0,0.0,0.0,0.19140473574555067,0.23933860778891422,0.0,0.0,0.0,0.0,0.0,0.0,0.0,0.0,0.0,0.0,0.0,0.0,0.0,0.0,0.0,0.0,0.0,0.0,0.0,0.0,0.0,0.0,0.0,0.1664924760234361,0.23933860778891422,0.23933860778891422,0.0,0.0,0.18416800558935645,0.0,0.0,0.0,0.0,0.0,0.2090802653114711,0.0,0.0,0.0,0.0,0.0,0.0,0.0,0.0,0.0,0.0,0.0,0.0,0.16317052147838845,0.0,0.22028231916262417,0.23933860778891422,0.0,0.0,0.0,0.0,0.0,0.0,0.0,0.0,0.0,0.0,0.0,0.0,0.0,0.0,0.0,0.0,0.0,0.0,0.0,0.0,0.0,0.0,0.2516680545995061,0.0,0.0,0.22452132345445316,0.0,0.0,0.0,0.0,0.0,0.22028231916262417,0.2516680545995061,0.0,0.0,0.0,0.0,0.0,0.19960906373233853,0.0,0.0,0.0,0.0,0.0,0.0,0.0,0.0,0.0,0.0,0.0,0.0,0.0,0.0,0.18193353416641816,0.18889658372574228,0.0,0.0,0.0,0.0,0.0,0.0,0.0,0.0,0.0,0.2516680545995061,NUMERICO_CONTINUO,colheita_safra.csv,produtividade_ton
1.0,0.6533333333333333,1.0,0.0,4.0,3.2656703482769323,0.3364700550371426,2.3978952727983707,3.708682081410116,0,0,1,0.0,0.0,0.0,0.0,0.0,0.0,0.0,0.0,0.0,0.0,0.0,0.0,0.0,0.0,0.0,0.0,0.0,0.0,0.0,0.0,0.0,0.0,0.0,0.0,0.0,0.0,0.30473416922377944,0.0,0.0,0.0,0.0,0.0,0.23788275988082133,0.2974562167706649,0.0,0.0,0.0,0.0,0.0,0.0,0.0,0.0,0.0,0.0,0.0,0.0,0.0,0.0,0.0,0.0,0.0,0.0,0.0,0.0,0.0,0.0,0.0,0.20692115867236116,0.2974562167706649,0.2974562167706649,0.0,0.0,0.2288887643280845,0.0,0.0,0.0,0.0,0.0,0.2598503655365447,0.0,0.0,0.0,0.0,0.0,0.0,0.0,0.0,0.0,0.0,0.0,0.0,0.2027925475787198,0.0,0.2737725680153192,0.2974562167706649,0.0,0.0,0.0,0.0,0.0,0.0,0.0,0.0,0.0,0.0,0.2908119667450049,0.0,0.0,0.0,0.0,0.0,0.0,0.0,0.0,0.0,0.18820343514673976,0.0,0.0,0.3127795724007283,0.0,0.0,0.0,0.0,0.0,0.0,0.0,0.0,0.0,0.0,0.0,0.0,0.0,0.0,0.0,0.0,0.0,0.0,0.0,0.0,0.0,0.0,0.0,0.0,0.0,0.0,0.0,0.0,0.0,0.0,0.0,0.0,0.0,0.0,0.0,0.0,0.0,0.0,0.0,0.0,0.0,NUMERICO_CONTINUO,colheita_safra.csv,umidade_solo
1.0,1.0,0.0,1.0,19.0,0.0,0.0,0.0,0.0,1,0,0,0.0,0.0,0.0,0.19507834788087006,0.23194603615947884,0.23194603615947884,0.0,0.0,0.0,0.0,0.0,0.0,0.0,0.0,0.0,0.0,0.0,0.23194603615947884,0.250898633993835,0.0,0.0,0.0,0.0,0.0,0.0,0.0,0.0,0.0,0.19747426128721932,0.17852166345286316,0.0,0.0,0.0,0.0,0.0,0.0,0.0,0.0,0.0,0.0,0.0,0.0,0.0,0.0,0.0,0.0,0.16836616152756223,0.22062447976389335,0.23194603615947884,0.0,0.0,0.0,0.0,0.0,0.1905330728291938,0.0,0.0,0.17852166345286316,0.0,0.0,0.21096619044541753,0.22795206438934218,0.0,0.0,0.0,0.0,0.0,0.0,0.0,0.25663097463308154,0.0,0.0,0.0,0.0,0.0,0.0,0.0,0.0,0.0,0.0,0.0,0.0,0.0,0.0,0.0,0.0,0.0,0.0,0.0,0.0,0.250898633993835,0.0,0.0,0.0,0.0,0.0,0.0,0.0,0.0,0.0,0.0,0.0,0.0,0.0,0.0,0.0,0.0,0.0,0.2698512318281912,0.0,0.0,0.0,0.0,0.0,0.0,0.0,0.0,0.0,0.0,0.0,0.0,0.0,0.0,0.0,0.0,0.0,0.0,0.0,0.0,0.0,0.0,0.0,0.0,0.0,0.3499193911524587,0.21724525918250165,0.0,0.0,0.0,0.0,0.0,0.0,0.0,0.0,0.0,0.0,0.0,0.0,0.0,0.0,DATA_HORA,colheita_safra.csv,data_colheita
1.0,0.01,0.0,0.0,6.0,0.0,0.0,0.0,0.0,1,0,0,0.0,0.0,0.0,0.0,0.0,0.0,0.0,0.0,0.0,0.0,0.0,0.0,0.0,0.0,0.0,0.0,0.0,0.0,0.0,0.0,0.0,0.0,0.0,0.0,0.0,0.0,0.0,0.0,0.0,0.0,0.0,0.0,0.22089521070914853,0.2762144415729036,0.0,0.0,0.0,0.0,0.2239130140937588,0.0,0.2496457995549392,0.2987952558198215,0.0,0.0,0.0,0.0,0.0,0.0,0.0,0.0,0.0,0.0,0.0,0.0,0.0,0.0,0.0,0.19214462186335787,0.2762144415729036,0.2762144415729036,0.0,0.0,0.21254348928244954,0.0,0.0,0.0,0.0,0.0,0.24129407812824022,0.0,0.0,0.0,0.0,0.0,0.0,0.0,0.0,0.0,0.0,0.0,0.0,0.18831084081120034,0.0,0.25422207615392756,0.2762144415729036,0.0,0.0,0.0,0.0,0.0,0.0,0.0,0.0,0.0,0.23036361154212318,0.0,0.0,0.0,0.0,0.0,0.0,0.0,0.0,0.0,0.0,0.17476355782887645,0.0,0.0,0.0,0.0,0.0,0.0,0.0,0.0,0.0,0.0,0.0,0.0,0.2829726649997183,0.0,0.2004963432900569,0.0,0.0,0.0,0.0,0.0,0.0,0.0,0.0,0.0,0.0,0.0,0.0,0.0,0.0,0.0,0.0,0.0,0.0,0.0,0.0,0.0,0.0,0.0,0.0,0.0,0.0,0.0,0.0,0.0,CATEGORICO_ORDINAL,colheita_safra.csv,qualidade_grao
1.0,1.0,0.0,0.0,9.0,0.0,0.0,0.0,0.0,1,0,0,0.0,0.0,0.0,0.0,0.0,0.0,0.0,0.0,0.0,0.0,0.0,0.0,0.2460898182539218,0.0,0.0,0.0,0.0,0.0,0.0,0.0,0.2202675112118378,0.23531673148870377,0.23531673148870377,0.0,0.2932561466403659,0.0,0.0,0.0,0.0,0.0,0.0,0.0,0.0,0.0,0.0,0.0,0.0,0.0,0.0,0.0,0.0,0.0,0.0,0.2423205548448724,0.0,0.0,0.0,0.0,0.0,0.0,0.0,0.0,0.0,0.0,0.0,0.23205021480018584,0.0,0.0,0.0,0.0,0.0,0.0,0.0,0.0,0.0,0.0,0.0,0.0,0.0,0.0,0.0,0.0,0.0,0.0,0.25426318129435466,0.0,0.0,0.0,0.0,0.0,0.0,0.19515422645842825,0.23205021480018584,0.0,0.0,0.0,0.0,0.0,0.0,0.0,0.0,0.0,0.0,0.0,0.0,0.0,0.0,0.2739764331084643,0.23531673148870377,0.0,0.0,0.0,0.0,0.0,0.0,0.0,0.0,0.0,0.0,0.0,0.0,0.0,0.0,0.0,0.0,0.0,0.0,0.0,0.0,0.27985833351664563,0.0,0.0,0.0,0.0,0.0,0.3009985141597353,0.0,0.0,0.0,0.0,0.0,0.0,0.0,0.27985833351664563,0.0,0.0,0.21759505212954736,0.0,0.0,0.0,0.0,0.0,0.0,0.0,0.0,0.0,0.0,0.0,0.0,0.0,ID,consumo_inteligente.csv,smart_meter_id
1.0,0.9966666666666667,1.0,0.0,5.786666666666667,5.599729622152629,0.48835882070324754,3.964046033495298,6.215247893709531,0,0,1,0.0,0.40905661603437216,0.5048103595669599,0.0,0.0,0.0,0.0,0.0,0.0,0.0,0.0,0.0,0.0,0.0,0.0,0.0,0.0,0.0,0.0,0.0,0.0,0.0,0.0,0.0,0.0,0.0,0.0,0.0,0.0,0.0,0.0,0.0,0.0,0.0,0.0,0.0,0.0,0.0,0.0,0.0,0.0,0.0,0.0,0.0,0.0,0.0,0.0,0.0,0.0,0.0,0.0,0.0,0.0,0.0,0.39952570267683457,0.0,0.0,0.0,0.0,0.0,0.0,0.0,0.0,0.0,0.0,0.0,0.0,0.0,0.0,0.0,0.0,0.0,0.0,0.0,0.0,0.0,0.0,0.0,0.0,0.0,0.0,0.0,0.0,0.0,0.0,0.0,0.0,0.0,0.0,0.0,0.0,0.0,0.0,0.0,0.0,0.0,0.0,0.0,0.0,0.0,0.0,0.0,0.0,0.0,0.0,0.0,0.40420898001756844,0.0,0.0,0.0,0.5048103595669599,0.0,0.0,0.0,0.0,0.0,0.0,0.0,0.0,0.0,0.0,0.0,0.0,0.0,0.0,0.0,0.0,0.0,0.0,0.0,0.0,0.0,0.0,0.0,0.0,0.0,0.0,0.0,0.0,0.0,0.0,0.0,0.0,0.0,0.0,0.0,0.0,0.0,0.0,0.0,NUMERICO_CONTINUO,consumo_inteligente.csv,consumo_kwh
1.0,0.9866666666666667,1.0,0.0,5.6066666666666665,5.078029940954202,0.518745421618806,3.0731561705187946,5.705181495569908,0,0,1,0.0,0.20064813450887453,0.0,0.0,0.0,0.0,0.0,0.0,0.0,0.0,0.0,0.0,0.0,0.0,0.0,0.0,0.0,0.0,0.0,0.0,0.0,0.0,0.0,0.0,0.0,0.0,0.0,0.0,0.0,0.0,0.0,0.0,0.21109359162109737,0.0,0.0,0.27755589920370666,0.27755589920370666,0.0,0.0,0.0,0.0,0.0,0.0,0.0,0.0,0.0,0.0,0.0,0.0,0.0,0.0,0.0,0.0,0.0,0.0,0.0,0.0,0.0,0.0,0.0,0.0,0.0,0.0,0.0,0.0,0.27755589920370666,0.27755589920370666,0.0,0.0,0.0,0.0,0.0,0.0,0.0,0.0,0.22344794519423158,0.0,0.0,0.0,0.0,0.0,0.0,0.0,0.0,0.0,0.27755589920370666,0.0,0.0,0.0,0.0,0.0,0.0,0.0,0.0,0.0,0.0,0.0,0.2526383741937302,0.0,0.0,0.0,0.0,0.0,0.0,0.0,0.16700890430419366,0.19827029954563813,0.0,0.0,0.0,0.0,0.0,0.0,0.0,0.0,0.0,0.0,0.0,0.0,0.0,0.0,0.0,0.0,0.0,0.0,0.0,0.0,0.0,0.0,0.0,0.4339791987900875,0.0,0.0,0.0,0.0,0.0,0.0,0.0,0.20064813450887453,0.2083274384424377,0.0,0.0,0.0,0.0,0.0,0.0,0.27755589920370666,0.0,0.0,0.0,NUMERICO_CONTINUO,consumo_inteligente.csv,custo_estimado
1.0,0.013333333333333334,0.0,0.0,7.976666666666667,0.0,0.0,0.0,0.0,1,0,0,0.0,0.0,0.0,0.0,0.0,0.0,0.0,0.0,0.0,0.0,0.0,0.0,0.0,0.0,0.0,0.0,0.0,0.0,0.0,0.0,0.0,0.0,0.0,0.0,0.0,0.0,0.0,0.21492631265184473,0.18298400578368537,0.16542211063273415,0.0,0.0,0.0,0.0,0.0,0.0,0.0,0.0,0.0,0.2013042484808217,0.0,0.0,0.0,0.4026084969616434,0.5144806176247024,0.0,0.0,0.0,0.0,0.0,0.0,0.0,0.0,0.0,0.0,0.0,0.0,0.0,0.0,0.0,0.0,0.0,0.18298400578368537,0.0,0.0,0.0,0.0,0.0,0.0,0.23779992106531733,0.0,0.0,0.0,0.0,0.0,0.0,0.0,0.0,0.21492631265184473,0.2572403088123512,0.0,0.0,0.0,0.0,0.0,0.0,0.0,0.0,0.0,0.0,0.0,0.0,0.0,0.0,0.0,0.0,0.0,0.0,0.0,0.0,0.0,0.0,0.0,0.0,0.0,0.0,0.0,0.0,0.0,0.0,0.0,0.0,0.0,0.0,0.0,0.0,0.0,0.0,0.0,0.0,0.17261231649133826,0.0,0.40887101759981787,0.0,0.0,0.0,0.0,0.0,0.0,0.0,0.0,0.0,0.0,0.0,0.16212151263940244,0.0,0.0,0.0,0.0,0.0,0.0,0.0,0.0,0.0,0.0,0.0,0.0,0.0,0.0,0.0,CATEGORICO_ORDINAL,consumo_inteligente.csv,bandeira_tarifaria
1.0,1.0,0.0,1.0,19.0,0.0,0.0,0.0,0.0,1,0,0,0.0,0.0,0.0,0.18977523753043155,0.2256406955695961,0.2256406955695961,0.0,0.0,0.0,0.0,0.0,0.0,0.0,0.0,0.0,0.0,0.0,0.0,0.0,0.0,0.0,0.0,0.0,0.27006410472867914,0.0,0.0,0.0,0.0,0.19210601919191014,0.17366863854508344,0.0,0.0,0.0,0.0,0.0,0.0,0.0,0.0,0.0,0.0,0.0,0.0,0.0,0.0,0.0,0.0,0.16378920901817523,0.21462691019809765,0.2256406955695961,0.0,0.0,0.0,0.0,0.0,0.0,0.0,0.0,0.17366863854508344,0.0,0.0,0.20523117679425165,0.22175529798651633,0.0,0.0,0.0,0.0,0.0,0.0,0.0,0.24965458595333467,0.0,0.0,0.0,0.0,0.0,0.0,0.0,0.0,0.0,0.0,0.0,0.0,0.0,0.0,0.0,0.0,0.0,0.0,0.0,0.0,0.2440780762164228,0.0,0.0,0.2557629612496938,0.0,0.0,0.0,0.0,0.0,0.0,0.0,0.0,0.0,0.0,0.0,0.0,0.0,0.0,0.0,0.0,0.0,0.0,0.0,0.0,0.0,0.0,0.0,0.0,0.0,0.0,0.18121728641051307,0.0,0.0,0.0,0.0,0.0,0.0,0.0,0.0,0.0,0.0,0.0,0.0,0.0,0.1702035010390146,0.2113395520906107,0.0,0.0,0.0,0.0,0.0,0.0,0.2389481845384246,0.0,0.2389481845384246,0.26251545686324956,0.0,0.0,0.0,0.0,DATA_HORA,consumo_inteligente.csv,data_leitura
1.0,0.013333333333333334,0.0,0.0,4.75,0.0,0.0,0.0,0.0,1,0,0,0.0,0.0,0.0,0.0,0.0,0.0,0.0,0.0,0.0,0.0,0.0,0.0,0.0,0.0,0.0,0.0,0.0,0.0,0.0,0.0,0.0,0.0,0.0,0.0,0.0,0.0,0.0,0.0,0.0,0.0,0.0,0.0,0.23233970570624782,0.29052500441652235,0.314275721871616,0.0,0.0,0.0,0.0,0.0,0.0,0.0,0.0,0.0,0.0,0.0,0.0,0.0,0.0,0.0,0.0,0.0,0.0,0.0,0.0,0.0,0.0,0.20209956002872237,0.29052500441652235,0.29052500441652235,0.0,0.0,0.22355528483903958,0.27806588091805307,0.0,0.0,0.0,0.20005610683313368,0.0,0.0,0.0,0.0,0.0,0.0,0.0,0.0,0.0,0.0,0.0,0.0,0.0,0.19806715227057817,0.0,0.2673932230943955,0.29052500441652235,0.0,0.0,0.0,0.0,0.0,0.0,0.0,0.0,0.0,0.0,0.0,0.0,0.0,0.0,0.0,0.0,0.0,0.0,0.0,0.0,0.0,0.21822577697862797,0.0,0.0,0.0,0.0,0.0,0.0,0.0,0.0,0.0,0.0,0.0,0.0,0.0,0.0,0.0,0.0,0.2422986607056783,0.0,0.0,0.0,0.0,0.0,0.0,0.0,0.0,0.0,0.0,0.0,0.0,0.0,0.0,0.0,0.0,0.0,0.0,0.0,0.29052500441652235,0.0,0.0,0.0,0.0,0.0,0.0,CATEGORICO_NOMINAL,consumo_inteligente.csv,bairro_unidade
1.0,1.0,0.0,0.0,8.714285714285714,0.0,0.0,0.0,0.0,1,0,0,0.0,0.2283468199210964,0.0,0.0,0.0,0.0,0.0,0.0,0.0,0.0,0.0,0.0,0.0,0.0,0.0,0.0,0.0,0.0,0.0,0.0,0.0,0.0,0.0,0.0,0.0,0.0,0.0,0.0,0.0,0.0,0.0,0.0,0.2402342312844589,0.30039657187635166,0.32495430010853205,0.0,0.0,0.0,0.0,0.0,0.0,0.0,0.0,0.0,0.0,0.0,0.0,0.0,0.0,0.0,0.0,0.0,0.0,0.2875141076112159,0.0,0.0,0.0,0.20896657460611515,0.30039657187635166,0.30039657187635166,0.0,0.0,0.23115133007350075,0.2875141076112159,0.0,0.0,0.0,0.20685368819216451,0.0,0.0,0.0,0.0,0.0,0.0,0.0,0.0,0.0,0.0,0.0,0.0,0.0,0.20479715218622088,0.0,0.27647881022097953,0.30039657187635166,0.0,0.0,0.0,0.0,0.0,0.0,0.0,0.0,0.0,0.0,0.0,0.0,0.0,0.0,0.0,0.0,0.0,0.0,0.0,0.0,0.0,0.0,0.0,0.0,0.0,0.0,0.0,0.0,0.0,0.0,0.0,0.0,0.0,0.0,0.0,0.0,0.0,0.0,0.0,0.0,0.0,0.0,0.0,0.0,0.0,0.0,0.0,0.0,0.0,0.0,0.0,0.0,0.0,0.0,0.0,0.0,0.0,0.0,0.0,0.0,0.0,0.0,0.0,0.0,0.0,TEXTO_LIVRE,DadosOriginaisTeste.csv,cidade
1.0,1.0,0.0,0.0,6.0,0.0,0.0,0.0,0.0,1,0,0,0.0,0.0,0.0,0.0,0.0,0.0,0.33469086457866054,0.0,0.0,0.0,0.0,0.0,0.0,0.0,0.0,0.0,0.0,0.0,0.0,0.0,0.0,0.0,0.0,0.0,0.0,0.0,0.0,0.0,0.0,0.0,0.0,0.0,0.26126767069039664,0.0,0.0,0.3435271659098694,0.3435271659098694,0.0,0.0,0.0,0.0,0.0,0.0,0.0,0.0,0.0,0.0,0.0,0.0,0.0,0.0,0.0,0.0,0.0,0.0,0.0,0.0,0.0,0.0,0.0,0.0,0.0,0.0,0.0,0.0,0.3435271659098694,0.3435271659098694,0.0,0.0,0.0,0.0,0.0,0.0,0.0,0.0,0.27655848627674606,0.0,0.0,0.0,0.0,0.0,0.0,0.0,0.0,0.0,0.0,0.0,0.0,0.0,0.0,0.0,0.0,0.0,0.0,0.0,0.0,0.0,0.0,0.0,0.0,0.0,0.0,0.0,0.0,0.0,0.2067046520788417,0.0,0.0,0.0,0.0,0.0,0.0,0.0,0.0,0.0,0.0,0.0,0.0,0.0,0.0,0.0,0.0,0.0,0.0,0.0,0.0,0.0,0.0,0.0,0.0,0.26856507941626856,0.326697457718183,0.0,0.0,0.2227279377698828,0.0,0.0,0.0,0.0,0.0,0.0,0.0,0.0,0.0,0.0,0.0,0.0,0.0,0.0,0.0,TEXTO_LIVRE,DadosOriginaisTeste.csv,estado
1.0,1.0,0.0,0.0,5.428571428571429,0.0,0.0,0.0,0.0,1,0,0,0.0,0.4699661070800288,0.5799778079604966,0.0,0.0,0.0,0.0,0.0,0.0,0.0,0.0,0.0,0.0,0.0,0.0,0.0,0.0,0.0,0.0,0.0,0.0,0.0,0.0,0.0,0.0,0.0,0.0,0.0,0.0,0.0,0.0,0.0,0.0,0.0,0.0,0.0,0.0,0.0,0.0,0.0,0.0,0.0,0.0,0.0,0.0,0.0,0.0,0.0,0.0,0.0,0.0,0.0,0.0,0.0,0.45901601833440975,0.0,0.0,0.0,0.0,0.0,0.0,0.0,0.0,0.0,0.0,0.0,0.0,0.0,0.0,0.0,0.0,0.0,0.0,0.0,0.0,0.0,0.0,0.0,0.0,0.0,0.0,0.0,0.0,0.0,0.0,0.0,0.0,0.0,0.0,0.0,0.0,0.0,0.0,0.0,0.0,0.0,0.0,0.0,0.0,0.0,0.0,0.0,0.0,0.0,0.0,0.0,0.0,0.0,0.0,0.0,0.0,0.4817280305128664,0.0,0.0,0.0,0.0,0.0,0.0,0.0,0.0,0.0,0.0,0.0,0.0,0.0,0.0,0.0,0.0,0.0,0.0,0.0,0.0,0.0,0.0,0.0,0.0,0.0,0.0,0.0,0.0,0.0,0.0,0.0,0.0,0.0,0.0,0.0,0.0,0.0,0.0,TEXTO_LIVRE,DadosOriginaisTeste.csv,cor
1.0,1.0,0.0,0.0,18.285714285714285,0.0,0.0,0.0,0.0,1,0,0,0.0,0.0,0.0,0.0,0.0,0.0,0.0,0.0,0.0,0.0,0.0,0.0,0.0,0.0,0.0,0.0,0.0,0.0,0.0,0.0,0.0,0.0,0.0,0.0,0.0,0.0,0.0,0.0,0.0,0.0,0.0,0.0,0.22686475431389816,0.28367894996101023,0.3068699954340601,0.0,0.0,0.0,0.0,0.0,0.0,0.0,0.0,0.0,0.0,0.0,0.0,0.0,0.0,0.0,0.0,0.0,0.0,0.0,0.0,0.0,0.0,0.197337200258105,0.28367894996101023,0.28367894996101023,0.0,0.0,0.21828733326668068,0.2715134185342794,0.0,0.0,0.0,0.19534189986052553,0.0,0.0,0.0,0.0,0.0,0.0,0.2519773864392961,0.0,0.0,0.0,0.0,0.0,0.0,0.19339981386707006,0.0,0.2610922557473143,0.28367894996101023,0.0,0.0,0.0,0.0,0.0,0.0,0.0,0.0,0.0,0.0,0.0,0.0,0.0,0.0,0.0,0.0,0.0,0.0,0.0,0.0,0.0,0.0,0.0,0.0,0.0,0.0,0.0,0.0,0.0,0.0,0.0,0.0,0.0,0.0,0.0,0.0,0.0,0.0,0.0,0.0,0.0,0.0,0.0,0.0,0.0,0.0,0.0,0.0,0.0,0.0,0.0,0.0,0.0,0.0,0.0,0.0,0.0,0.0,0.28367894996101023,0.0,0.0,0.0,0.0,0.2906198098031075,0.0,TEXTO_LIVRE,DadosOriginaisTeste.csv,universidade
1.0,0.8571428571428571,1.0,0.14285714285714285,4.0,7.879994168822435,0.5645565777979568,6.90875477931522,8.517393171418904,0,1,0,0.0,0.0,0.0,0.0,0.0,0.0,0.0,0.0,0.0,0.0,0.0,0.5782352581265907,0.0,0.0,0.0,0.0,0.0,0.0,0.0,0.0,0.0,0.0,0.0,0.0,0.0,0.0,0.0,0.0,0.4113189115106776,0.0,0.0,0.0,0.0,0.0,0.0,0.0,0.0,0.0,0.0,0.0,0.0,0.0,0.0,0.0,0.0,0.0,0.0,0.0,0.0,0.0,0.0,0.0,0.0,0.0,0.0,0.0,0.0,0.3718425672989698,0.0,0.0,0.0,0.0,0.0,0.0,0.0,0.0,0.0,0.0,0.0,0.0,0.0,0.0,0.4063284662346725,0.0,0.0,0.0,0.0,0.0,0.0,0.0,0.0,0.0,0.0,0.0,0.0,0.0,0.0,0.0,0.0,0.0,0.0,0.0,0.0,0.0,0.0,0.0,0.0,0.0,0.0,0.0,0.0,0.0,0.0,0.0,0.0,0.0,0.0,0.0,0.0,0.0,0.0,0.0,0.0,0.0,0.0,0.0,0.0,0.0,0.0,0.0,0.0,0.4394212352229195,0.0,0.0,0.0,0.0,0.0,0.0,0.0,0.0,0.0,0.0,0.0,0.0,0.0,0.0,0.0,0.0,0.0,0.0,0.0,0.0,0.0,0.0,0.0,0.0,0.0,0.0,0.0,0.0,NUMERICO_INTEIRO,DadosOriginaisTeste.csv,renda
1.0,0.7142857142857143,1.0,0.0,1.0,1.0498221244986776,0.7243306098372069,0.0,1.6094379124341003,0,1,0,0.0,0.0,0.0,0.0,0.0,0.0,0.0,0.6348835521120161,0.0,0.0,0.0,0.0,0.0,0.0,0.0,0.0,0.0,0.0,0.0,0.0,0.0,0.0,0.0,0.0,0.0,0.0,0.0,0.0,0.0,0.0,0.0,0.0,0.0,0.0,0.0,0.0,0.0,0.0,0.0,0.0,0.0,0.0,0.0,0.0,0.0,0.0,0.0,0.0,0.0,0.0,0.0,0.0,0.0,0.0,0.0,0.0,0.0,0.0,0.0,0.0,0.0,0.0,0.0,0.0,0.0,0.0,0.0,0.0,0.0,0.0,0.0,0.0,0.0,0.0,0.0,0.0,0.0,0.0,0.0,0.0,0.0,0.0,0.0,0.0,0.0,0.0,0.0,0.0,0.0,0.0,0.0,0.0,0.0,0.0,0.0,0.0,0.0,0.0,0.0,0.0,0.0,0.0,0.0,0.0,0.0,0.0,0.0,0.0,0.0,0.0,0.0,0.0,0.5617343049824514,0.0,0.0,0.0,0.0,0.0,0.0,0.0,0.0,0.0,0.0,0.0,0.0,0.0,0.5304502293934007,0.0,0.0,0.0,0.0,0.0,0.0,0.0,0.0,0.0,0.0,0.0,0.0,0.0,0.0,0.0,0.0,0.0,0.0,0.0,0.0,0.0,0.0,0.0,NUMERICO_INTEIRO,DadosOriginaisTeste.csv,filhos
1.0,1.0,1.0,0.19666666666666666,8.0,16.82268464856262,4.287993910499147e-06,16.822677258575464,16.82269203849517,0,1,0,0.0,0.0,0.0,0.0,0.0,0.0,0.0,0.0,0.31348691505716153,0.0,0.0,0.0,0.0,0.0,0.0,0.0,0.2853436903278459,0.0,0.0,0.0,0.0,0.0,0.0,0.0,0.0,0.0,0.0,0.0,0.0,0.20738910535098898,0.0,0.0,0.0,0.0,0.0,0.0,0.0,0.0,0.2416779570461848,0.0,0.0,0.0,0.0,0.0,0.0,0.0,0.19559143095146428,0.0,0.0,0.0,0.0,0.0,0.0,0.0,0.0,0.0,0.0,0.0,0.0,0.0,0.0,0.0,0.0,0.0,0.0,0.0,0.0,0.0,0.0,0.0,0.0,0.0,0.0,0.0,0.0,0.0,0.0,0.0,0.0,0.0,0.2648125374940792,0.0,0.0,0.0,0.0,0.0,0.0,0.0,0.0,0.0,0.0,0.0,0.29812890606724585,0.0,0.0,0.0,0.32250125029083526,0.2853436903278459,0.0,0.0,0.0,0.0,0.2796719558479306,0.0,0.0,0.18862905219309853,0.0,0.0,0.0,0.0,0.0,0.0,0.0,0.0,0.0,0.0,0.0,0.0,0.0,0.0,0.0,0.0,0.256300062366618,0.0,0.0,0.0,0.0,0.0,0.0,0.0,0.0,0.0,0.0,0.0,0.0,0.0,0.0,0.0,0.0,0.0,0.26043801020407525,0.0,0.0,0.29812890606724585,0.0,0.0,0.0,0.0,0.0,0.0,ID,educacao_notas.csv,matricula_aluno
1.0,0.013333333333333334,0.0,0.0,7.863333333333333,0.0,0.0,0.0,0.0,1,0,0,0.0,0.0,0.0,0.27815580895220676,0.0,0.0,0.0,0.0,0.0,0.0,0.0,0.0,0.0,0.0,0.0,0.0,0.0,0.0,0.0,0.0,0.0,0.0,0.0,0.0,0.0,0.0,0.0,0.0,0.2815720631852469,0.0,0.0,0.0,0.0,0.0,0.0,0.0,0.0,0.0,0.0,0.0,0.0,0.0,0.0,0.0,0.0,0.0,0.0,0.0,0.0,0.0,0.0,0.0,0.0,0.350229178647655,0.0,0.0,0.0,0.0,0.0,0.0,0.0,0.0,0.0,0.0,0.3847720082792472,0.0,0.0,0.0,0.0,0.0,0.0,0.0,0.0,0.0,0.0,0.0,0.0,0.0,0.0,0.0,0.0,0.0,0.0,0.0,0.0,0.0,0.2926362055930109,0.0,0.3847720082792472,0.3577481215197564,0.0,0.0,0.0,0.0,0.3051796957116975,0.0,0.0,0.0,0.0,0.34326772487895224,0.0,0.0,0.0,0.0,0.0,0.0,0.0,0.0,0.0,0.0,0.0,0.0,0.0,0.0,0.0,0.0,0.0,0.0,0.0,0.0,0.0,0.0,0.0,0.0,0.0,0.0,0.0,0.0,0.0,0.0,0.0,0.0,0.0,0.0,0.0,0.0,0.0,0.0,0.0,0.0,0.0,0.0,0.0,0.0,0.0,0.0,0.0,0.0,0.0,0.0,CATEGORICO_NOMINAL,educacao_notas.csv,disciplina
1.0,0.3233333333333333,1.0,0.0,3.0033333333333334,1.812324333181165,0.529886840857023,0.0,2.3978952727983707,0,0,1,0.0,0.0,0.0,0.0,0.0,0.0,0.0,0.0,0.0,0.0,0.0,0.0,0.0,0.0,0.0,0.0,0.0,0.0,0.0,0.0,0.0,0.0,0.0,0.0,0.0,0.0,0.0,0.0,0.0,0.29296436668140624,0.0,0.0,0.0,0.0,0.0,0.0,0.0,0.0,0.3414018759908498,0.0,0.0,0.0,0.0,0.0,0.0,0.0,0.0,0.0,0.0,0.0,0.0,0.0,0.0,0.0,0.0,0.0,0.0,0.0,0.0,0.0,0.0,0.0,0.0,0.0,0.0,0.0,0.0,0.0,0.0,0.0,0.0,0.0,0.0,0.0,0.0,0.0,0.0,0.0,0.0,0.0,0.0,0.0,0.0,0.0,0.0,0.0,0.3368006082126131,0.0,0.0,0.0,0.0,0.4030854628643782,0.0,0.0,0.0,0.0,0.0,0.0,0.0,0.39507339252403245,0.0,0.0,0.39507339252403245,0.0,0.0,0.0,0.0,0.0,0.0,0.0,0.0,0.0,0.0,0.0,0.0,0.0,0.0,0.0,0.0,0.0,0.0,0.0,0.0,0.0,0.0,0.0,0.0,0.0,0.0,0.0,0.0,0.0,0.0,0.0,0.28711897154596894,0.3565120251511906,0.0,0.0,0.0,0.0,0.0,0.0,0.0,0.0,0.0,0.0,0.0,0.0,0.0,0.0,NUMERICO_CONTINUO,educacao_notas.csv,nota_final
1.0,0.01,1.0,1.0,6.0,7.613083798195382,0.00022722113534273452,7.61288043630149,7.613374361037403,0,0,1,0.0,0.0,0.0,0.0,0.0,0.0,0.0,0.0,0.0,0.0,0.0,0.0,0.3290490740887975,0.0,0.0,0.0,0.0,0.0,0.0,0.0,0.0,0.0,0.0,0.0,0.0,0.0,0.0,0.0,0.0,0.0,0.0,0.0,0.0,0.0,0.0,0.0,0.0,0.0,0.0,0.0,0.0,0.0,0.0,0.0,0.0,0.0,0.0,0.0,0.0,0.0,0.0,0.0,0.0,0.0,0.0,0.0,0.0,0.0,0.0,0.0,0.0,0.0,0.0,0.0,0.0,0.0,0.0,0.26356294055154633,0.0,0.0,0.0,0.38275074767718953,0.0,0.0,0.0,0.32400915556008886,0.0,0.0,0.0,0.0,0.0,0.0,0.0,0.0,0.0,0.0,0.0,0.0,0.0,0.0,0.0,0.0,0.0,0.0,0.0,0.0,0.0,0.0,0.3146442756687524,0.0,0.0,0.0,0.0,0.0,0.0,0.0,0.0,0.0,0.0,0.0,0.0,0.0,0.0,0.0,0.0,0.0,0.0,0.0,0.0,0.0,0.0,0.3146442756687524,0.0,0.0,0.0,0.0,0.0,0.0,0.0,0.4024680219974371,0.3146442756687524,0.0,0.0,0.0,0.0,0.0,0.0,0.0,0.0,0.0,0.334361549989,0.0,0.0,0.0,0.0,0.0,0.0,0.0,0.0,0.0,CATEGORICO_NOMINAL,educacao_notas.csv,semestre
1.0,0.7366666666666667,1.0,0.0,4.0,4.338118285033554,0.18918072115966084,3.937690752176724,4.613138355637268,0,0,1,0.0,0.0,0.0,0.0,0.0,0.0,0.0,0.2690015892326802,0.0,0.0,0.0,0.0,0.0,0.0,0.0,0.0,0.0,0.0,0.0,0.0,0.0,0.0,0.0,0.0,0.0,0.23800808867093431,0.0,0.0,0.0,0.17298537254863205,0.0,0.0,0.0,0.0,0.0,0.0,0.0,0.0,0.20158605422243417,0.0,0.0,0.0,0.0,0.0,0.0,0.0,0.0,0.0,0.0,0.0,0.0,0.0,0.25475671086368484,0.23800808867093431,0.0,0.0,0.0,0.0,0.0,0.0,0.0,0.0,0.0,0.0,0.0,0.0,0.0,0.0,0.0,0.0,0.0,0.0,0.37805720641018076,0.22887291940363313,0.22088284423829513,0.0,0.0,0.0,0.22475295546873544,0.0,0.0,0.0,0.0,0.0,0.0,0.0,0.0,0.0,0.0,0.0,0.0,0.23800808867093431,0.0,0.0,0.0,0.0,0.0,0.0,0.0,0.0,0.25475671086368484,0.0,0.0,0.1937594549069896,0.0,0.0,0.0,0.0,0.0,0.0,0.0,0.0,0.0,0.0,0.24867236780002208,0.0,0.0,0.0,0.25475671086368484,0.0,0.0,0.20442373403607736,0.0,0.0,0.0,0.0,0.0,0.0,0.0,0.0,0.0,0.0,0.0,0.0,0.0,0.0,0.0,0.0,0.0,0.0,0.0,0.0,0.23800808867093431,0.0,0.0,0.0,0.0,0.0,0.0,0.0,NUMERICO_CONTINUO,educacao_notas.csv,frequencia_percentual
1.0,0.006666666666666667,0.0,0.0,4.51,0.3987761199573678,1.021908664015157,0.0,0.693359375,0,0,0,0.3128571063903471,0.0,0.0,0.0,0.0,0.0,0.0,0.0,0.0,0.0,0.0,0.0,0.0,0.0,0.0,0.0,0.0,0.0,0.0,0.0,0.0,0.0,0.0,0.0,0.0,0.0,0.0,0.0,0.0,0.0,0.0,0.0,0.25019921494477615,0.0,0.0,0.32897383360034854,0.32897383360034854,0.0,0.0,0.0,0.0,0.0,0.0,0.0,0.0,0.0,0.0,0.0,0.0,0.0,0.0,0.0,0.0,0.0,0.0,0.0,0.0,0.0,0.0,0.0,0.0,0.0,0.0,0.0,0.0,0.32897383360034854,0.32897383360034854,0.0,0.0,0.0,0.0,0.0,0.0,0.0,0.0,0.0,0.0,0.0,0.0,0.0,0.0,0.0,0.0,0.0,0.0,0.0,0.0,0.0,0.0,0.0,0.0,0.0,0.0,0.0,0.0,0.0,0.0,0.0,0.0,0.0,0.0,0.0,0.0,0.0,0.0,0.1979477274738847,0.0,0.0,0.0,0.0,0.0,0.0,0.0,0.0,0.0,0.0,0.2879472292366431,0.32897383360034854,0.0,0.0,0.0,0.0,0.0,0.26092369578611024,0.0,0.0,0.0,0.0,0.0,0.0,0.0,0.0,0.0,0.0,0.0,0.0,0.0,0.0,0.0,0.0,0.0,0.0,0.0,0.0,0.0,0.0,0.0,0.32897383360034854,0.0,0.0,BOOLEANO,educacao_notas.csv,aprovado
1.0,1.0,0.0,0.0,6.633333333333334,0.0,0.0,0.0,0.0,1,0,0,0.0,0.0,0.0,0.0,0.0,0.0,0.0,0.0,0.0,0.0,0.0,0.390485037455534,0.0,0.0,0.0,0.0,0.0,0.0,0.0,0.0,0.27776562966392804,0.2967432633746692,0.2967432633746692,0.0,0.0,0.0,0.0,0.0,0.0,0.0,0.0,0.0,0.0,0.0,0.0,0.0,0.0,0.0,0.0,0.0,0.0,0.0,0.0,0.0,0.0,0.0,0.0,0.0,0.0,0.0,0.0,0.0,0.0,0.0,0.0,0.29262406277262804,0.0,0.0,0.0,0.0,0.0,0.0,0.0,0.0,0.0,0.0,0.0,0.0,0.0,0.0,0.0,0.0,0.0,0.0,0.0,0.0,0.36097496349940233,0.0,0.0,0.0,0.0,0.2460968315098885,0.29262406277262804,0.0,0.0,0.0,0.0,0.0,0.0,0.0,0.0,0.0,0.0,0.0,0.0,0.0,0.0,0.0,0.0,0.0,0.0,0.0,0.0,0.0,0.0,0.0,0.0,0.0,0.0,0.0,0.0,0.0,0.0,0.0,0.0,0.0,0.0,0.0,0.0,0.0,0.0,0.2967432633746692,0.0,0.0,0.0,0.0,0.0,0.0,0.0,0.0,0.0,0.0,0.0,0.0,0.0,0.0,0.0,0.0,0.0,0.0,0.0,0.0,0.0,0.0,0.0,0.0,0.0,0.0,0.0,0.37957046571919656,ID,feedback_app.csv,review_id
1.0,0.02,0.0,0.0,12.74,0.0,0.0,0.0,0.0,1,0,0,0.0,0.0,0.0,0.0,0.0,0.0,0.0,0.0,0.0,0.0,0.0,0.427736994567221,0.0,0.0,0.0,0.0,0.0,0.0,0.0,0.0,0.0,0.0,0.0,0.0,0.0,0.0,0.0,0.35737764214152157,0.0,0.0,0.0,0.0,0.0,0.0,0.0,0.0,0.0,0.0,0.0,0.0,0.0,0.0,0.0,0.0,0.0,0.0,0.0,0.0,0.0,0.0,0.0,0.0,0.0,0.0,0.0,0.0,0.0,0.0,0.0,0.0,0.0,0.0,0.0,0.0,0.0,0.0,0.0,0.0,0.0,0.0,0.0,0.0,0.0,0.0,0.0,0.0,0.39541168339600985,0.0,0.0,0.0,0.0,0.0,0.0,0.0,0.0,0.0,0.0,0.0,0.0,0.0,0.0,0.0,0.0,0.0,0.0,0.0,0.0,0.0,0.0,0.0,0.0,0.0,0.0,0.0,0.0,0.0,0.0,0.0,0.0,0.0,0.0,0.0,0.0,0.0,0.0,0.0,0.0,0.0,0.0,0.0,0.0,0.3250523309703104,0.0,0.0,0.0,0.0,0.0,0.0,0.0,0.0,0.0,0.0,0.4050863422833071,0.0,0.0,0.0,0.3005726726478475,0.0,0.0,0.0,0.0,0.0,0.0,0.0,0.0,0.0,0.0,0.0,0.0,0.41578118150480387,TEXTO_LIVRE,feedback_app.csv,review_text
1.0,0.016666666666666666,0.0,0.0,6.75,0.0,0.0,0.0,0.0,1,0,0,0.0,0.0,0.0,0.0,0.0,0.0,0.0,0.0,0.0,0.0,0.0,0.0,0.3314674866607671,0.0,0.0,0.0,0.0,0.0,0.0,0.0,0.0,0.0,0.0,0.0,0.0,0.0,0.0,0.0,0.0,0.0,0.0,0.0,0.0,0.0,0.0,0.0,0.0,0.0,0.0,0.0,0.0,0.0,0.0,0.3263905262337784,0.0,0.0,0.2529542889346911,0.0,0.0,0.0,0.0,0.0,0.0,0.0,0.0,0.0,0.0,0.0,0.0,0.0,0.0,0.0,0.0,0.0,0.0,0.0,0.0,0.0,0.0,0.0,0.0,0.0,0.0,0.0,0.0,0.0,0.0,0.0,0.0,0.0,0.0,0.0,0.0,0.0,0.0,0.0,0.3083445157389925,0.0,0.0,0.0,0.0,0.0,0.0,0.0,0.0,0.0,0.0,0.0,0.0,0.0,0.0,0.0,0.0,0.0,0.0,0.0,0.0,0.0,0.0,0.0,0.0,0.0,0.0,0.0,0.0,0.0,0.0,0.0,0.0,0.37695155000731084,0.2798700238033318,0.0,0.0,0.0,0.0,0.0,0.0,0.0,0.0,0.0,0.31695681726785213,0.38556385153617034,0.0,0.0,0.26286045239244876,0.0,0.0,0.0,0.2930868312673486,0.0,0.0,0.0,0.0,0.0,0.0,0.0,0.0,0.0,0.0,0.0,CATEGORICO_ORDINAL,feedback_app.csv,star_rating
1.0,1.0,0.0,1.0,19.0,0.0,0.0,0.0,0.0,1,0,0,0.0,0.0,0.0,0.0,0.0,0.0,0.0,0.0,0.0,0.31701042316505507,0.0,0.0,0.0,0.0,0.0,0.0,0.35293367930951586,0.0,0.0,0.0,0.0,0.0,0.0,0.0,0.0,0.0,0.0,0.0,0.0,0.0,0.0,0.0,0.0,0.0,0.0,0.0,0.0,0.0,0.0,0.0,0.0,0.0,0.0,0.0,0.0,0.0,0.2419216043915336,0.0,0.0,0.0,0.0,0.0,0.0,0.0,0.0,0.0,0.3777696119320626,0.0,0.0,0.0,0.0,0.0,0.0,0.0,0.0,0.0,0.0,0.0,0.0,0.0,0.0,0.0,0.0,0.0,0.0,0.0,0.0,0.0,0.0,0.0,0.0,0.0,0.0,0.0,0.0,0.0,0.0,0.0,0.0,0.0,0.0,0.0,0.0,0.0,0.0,0.0,0.0,0.0,0.0,0.0,0.0,0.0,0.0,0.0,0.0,0.0,0.0,0.0,0.0,0.0,0.0,0.0,0.35293367930951586,0.0,0.0,0.36874735728672264,0.0,0.0,0.0,0.0,0.0,0.0,0.0,0.0,0.0,0.0,0.0,0.0,0.0,0.0,0.3031326413922564,0.0,0.3777696119320626,0.0,0.0,0.0,0.28030375268526875,0.0,0.0,0.0,0.0,0.0,0.0,0.0,0.0,0.0,0.0,0.0,0.0,0.0,DATA_HORA,feedback_app.csv,posted_at
1.0,1.0,0.0,0.0,6.633333333333334,0.0,0.0,0.0,0.0,1,0,0,0.0,0.0,0.0,0.0,0.0,0.0,0.0,0.0,0.0,0.0,0.0,0.0,0.33909798348952486,0.0,0.0,0.0,0.0,0.0,0.0,0.0,0.30351629096300564,0.32425327344031135,0.32425327344031135,0.0,0.0,0.0,0.0,0.0,0.0,0.0,0.0,0.0,0.0,0.0,0.0,0.0,0.0,0.0,0.0,0.0,0.0,0.0,0.0,0.0,0.0,0.0,0.0,0.0,0.0,0.0,0.0,0.0,0.0,0.0,0.0,0.3197521964352953,0.0,0.0,0.0,0.0,0.0,0.0,0.0,0.0,0.0,0.0,0.0,0.0,0.0,0.0,0.0,0.0,0.0,0.0,0.0,0.0,0.0,0.0,0.0,0.0,0.0,0.26891159143052634,0.3197521964352953,0.0,0.0,0.0,0.0,0.0,0.0,0.0,0.0,0.0,0.0,0.0,0.0,0.0,0.0,0.0,0.0,0.0,0.0,0.0,0.0,0.0,0.0,0.0,0.0,0.0,0.0,0.0,0.0,0.0,0.0,0.0,0.0,0.0,0.0,0.0,0.0,0.0,0.0,0.0,0.0,0.0,0.0,0.0,0.0,0.0,0.0,0.0,0.0,0.0,0.0,0.0,0.0,0.0,0.0,0.0,0.0,0.0,0.0,0.0,0.0,0.0,0.37752417653814235,0.0,0.0,0.0,0.4040905417267166,0.0,ID,feedback_restaurante.csv,survey_id
1.0,0.02,0.0,0.0,13.876666666666667,0.0,0.0,0.0,0.0,1,0,0,0.0,0.1842244707334922,0.0,0.0,0.0,0.0,0.0,0.0,0.0,0.0,0.0,0.0,0.0,0.0,0.0,0.0,0.0,0.21904089415554087,0.2369389968562629,0.0,0.0,0.0,0.0,0.0,0.0,0.0,0.0,0.0,0.0,0.0,0.0,0.0,0.0,0.0,0.0,0.0,0.0,0.0,0.0,0.0,0.0,0.0,0.0,0.0,0.0,0.0,0.0,0.0,0.0,0.0,0.0,0.0,0.0,0.0,0.17993208821216516,0.0,0.0,0.0,0.0,0.0,0.0,0.0,0.0,0.0,0.0,0.0,0.0,0.0,0.0,0.0,0.0,0.0,0.1842244707334922,0.2230561498495382,0.21526914119848145,0.0,0.0,0.0,0.0,0.0,0.0,0.0,0.0,0.0,0.0,0.0,0.0,0.0,0.0,0.0,0.0,0.0,0.0,0.0,0.0,0.0,0.0,0.0,0.398456673430536,0.0,0.0,0.0,0.0,0.1888350885771602,0.0,0.0,0.0,0.0,0.0,0.5096741991139699,0.0,0.0,0.0,0.0,0.0,0.0,0.0,0.0,0.0,0.2369389968562629,0.0,0.0,0.0,0.0,0.0,0.0,0.21904089415554087,0.0,0.0,0.0,0.199228336715268,0.0,0.0,0.0,0.0,0.0,0.0,0.0,0.0,0.19127520014209148,0.0,0.0,0.0,0.0,0.0,0.0,0.25483709955698497,0.0,0.0,0.0,TEXTO_LIVRE,feedback_restaurante.csv,customer_comments
1.0,0.013333333333333334,0.0,0.0,10.973333333333333,0.0,0.0,0.0,0.0,1,0,0,0.0,0.0,0.0,0.0,0.0,0.0,0.0,0.0,0.0,0.0,0.0,0.0,0.2269329335931415,0.0,0.0,0.0,0.0,0.0,0.0,0.0,0.0,0.0,0.0,0.2855487202779839,0.0,0.0,0.0,0.0,0.0,0.0,0.24295161016860597,0.0,0.0,0.0,0.0,0.0,0.0,0.0,0.0,0.0,0.0,0.0,0.0,0.0,0.0,0.0,0.17318036055724845,0.0,0.0,0.0,0.0,0.0,0.0,0.0,0.0,0.0,0.0,0.0,0.0,0.0,0.0,0.0,0.0,0.0,0.0,0.0,0.0,0.0,0.0,0.0,0.2855487202779839,0.0,0.0,0.0,0.0,0.0,0.2639689847050386,0.0,0.0,0.0,0.0,0.0,0.0,0.0,0.0,0.0,0.0,0.2526487123353307,0.0,0.258072735662269,0.0,0.2526487123353307,0.0,0.2704275947843209,0.0,0.0,0.0,0.0,0.0,0.0,0.0,0.0,0.0,0.0,0.0,0.0,0.0,0.0,0.0,0.0,0.24762685111452673,0.0,0.0,0.0,0.0,0.0,0.0,0.0,0.0,0.0,0.0,0.0,0.0,0.0,0.0,0.0,0.0,0.0,0.2526487123353307,0.0,0.0,0.0,0.0,0.0,0.0,0.0,0.0,0.0,0.4013126903459266,0.0,0.0,0.0,0.0,0.0,0.0,0.0,0.0,0.0,0.2704275947843209,0.0,CATEGORICO_ORDINAL,feedback_restaurante.csv,satisfaction_level
1.0,1.0,0.0,1.0,19.0,0.0,0.0,0.0,0.0,1,0,0,0.0,0.0,0.0,0.0,0.0,0.0,0.0,0.0,0.0,0.0,0.0,0.0,0.0,0.0,0.0,0.31790202003776574,0.0,0.0,0.0,0.3023277110406515,0.0,0.0,0.0,0.0,0.0,0.0,0.0,0.0,0.0,0.0,0.0,0.0,0.0,0.0,0.0,0.0,0.0,0.0,0.0,0.0,0.0,0.0,0.0,0.0,0.0,0.0,0.19834611275628491,0.0,0.0,0.3270433118826262,0.0,0.0,0.0,0.0,0.0,0.0,0.0,0.21030994391865693,0.0,0.0,0.24853167298109707,0.0,0.0,0.0,0.0,0.0,0.0,0.20818347453444064,0.0,0.0,0.0,0.0,0.0,0.0,0.0,0.0,0.0,0.0,0.0,0.0,0.0,0.0,0.0,0.0,0.0,0.0,0.0,0.0,0.0,0.29557464693041874,0.29557464693041874,0.0,0.0,0.0,0.0,0.0,0.0,0.0,0.0,0.0,0.0,0.0,0.0,0.0,0.0,0.0,0.0,0.0,0.0,0.0,0.0,0.0,0.0,0.0,0.0,0.0,0.0,0.0,0.0,0.0,0.0,0.0,0.0,0.0,0.0,0.0,0.0,0.0,0.0,0.0,0.0,0.0,0.0,0.29557464693041874,0.0,0.0,0.22981477770849235,0.3097248558376258,0.0,0.0,0.0,0.0,0.0,0.0,0.0,0.0,0.0,0.0,0.0,0.31790202003776574,DATA_HORA,feedback_restaurante.csv,visit_date
1.0,1.0,0.0,0.0,10.0,0.0,0.0,0.0,0.0,1,0,0,0.0,0.0,0.0,0.0,0.0,0.0,0.0,0.0,0.0,0.0,0.0,0.0,0.0,0.2911907509044583,0.0,0.0,0.0,0.0,0.0,0.0,0.2646901416625262,0.28277442574545336,0.28277442574545336,0.0,0.0,0.0,0.0,0.0,0.0,0.0,0.0,0.0,0.0,0.0,0.0,0.0,0.0,0.0,0.0,0.2911907509044583,0.0,0.0,0.0,0.0,0.0,0.0,0.0,0.0,0.0,0.0,0.0,0.0,0.0,0.0,0.0,0.2788491316325359,0.0,0.0,0.0,0.0,0.0,0.0,0.0,0.0,0.0,0.0,0.0,0.0,0.0,0.0,0.0,0.0,0.0,0.0,0.0,0.0,0.0,0.0,0.0,0.0,0.0,0.23451211466970978,0.2788491316325359,0.0,0.0,0.0,0.0,0.0,0.0,0.0,0.0,0.0,0.0,0.0,0.0,0.0,0.0,0.0,0.0,0.0,0.0,0.0,0.0,0.0,0.0,0.0,0.0,0.0,0.0,0.0,0.0,0.0,0.0,0.0,0.0,0.0,0.0,0.0,0.0,0.0,0.24968727900076765,0.0,0.0,0.0,0.0,0.0,0.0,0.33629899178693945,0.0,0.0,0.0,0.0,0.0,0.0,0.0,0.0,0.0,0.0,0.0,0.0,0.30049456672473285,0.3523988198286475,0.0,0.0,0.0,0.0,0.0,0.0,0.0,0.0,ID,financeiro_transacoes.csv,trans_id
1.0,1.0,0.0,0.0,7.0,0.0,0.0,0.0,0.0,1,0,0,0.0,0.2590081059958828,0.31963784472209145,0.0,0.0,0.0,0.0,0.0,0.0,0.0,0.0,0.0,0.0,0.0,0.0,0.0,0.0,0.0,0.0,0.0,0.0,0.0,0.0,0.0,0.0,0.0,0.0,0.0,0.0,0.2370255768128472,0.0,0.0,0.0,0.0,0.0,0.0,0.0,0.0,0.0,0.0,0.0,0.0,0.0,0.0,0.0,0.0,0.0,0.0,0.0,0.0,0.0,0.0,0.0,0.0,0.25297328411455366,0.0,0.0,0.0,0.0,0.0,0.0,0.0,0.0,0.0,0.0,0.0,0.0,0.0,0.0,0.0,0.0,0.34073234370522404,0.0,0.0,0.0,0.0,0.0,0.3582850542652645,0.0,0.0,0.0,0.0,0.0,0.0,0.0,0.0,0.0,0.0,0.0,0.0,0.0,0.0,0.0,0.0,0.0,0.0,0.0,0.0,0.0,0.0,0.0,0.0,0.0,0.26549034687520023,0.0,0.0,0.0,0.0,0.0,0.0,0.31963784472209145,0.26549034687520023,0.0,0.0,0.0,0.0,0.0,0.0,0.0,0.0,0.0,0.0,0.2929260436164307,0.0,0.0,0.0,0.0,0.0,0.0,0.0,0.0,0.0,0.0,0.0,0.23229630489022204,0.288439407697907,0.0,0.0,0.0,0.0,0.0,0.0,0.0,0.0,0.0,0.0,0.0,0.0,0.0,0.0,ID,financeiro_transacoes.csv,conta_origem
1.0,1.0,1.0,0.02,7.723333333333334,10.17021732046606,0.545166382390419,3.12982600803469,10.819151688139836,0,0,1,0.0,0.0,0.0,0.0,0.0,0.0,0.0,0.0,0.0,0.0,0.0,0.0,0.0,0.0,0.0,0.2606352852810046,0.0,0.0,0.0,0.0,0.0,0.0,0.0,0.0,0.0,0.0,0.0,0.22402462606771936,0.0,0.0,0.22813123893963033,0.26812986869868494,0.0,0.0,0.0,0.0,0.0,0.0,0.20093279896348185,0.20982590933298773,0.22402462606771936,0.26812986869868494,0.0,0.0,0.0,0.0,0.0,0.0,0.0,0.0,0.206721370947707,0.24786652568634968,0.0,0.0,0.0,0.0,0.0,0.0,0.0,0.0,0.0,0.0,0.0,0.0,0.0,0.0,0.0,0.0,0.0,0.0,0.0,0.0,0.0,0.0,0.0,0.0,0.0,0.0,0.0,0.0,0.0,0.0,0.0,0.0,0.0,0.0,0.0,0.0,0.0,0.0,0.0,0.0,0.0,0.0,0.0,0.24232995567436197,0.0,0.0,0.0,0.0,0.0,0.0,0.0,0.0,0.0,0.15682755633251627,0.0,0.0,0.0,0.0,0.0,0.19313156235074136,0.0,0.0,0.0,0.0,0.0,0.0,0.0,0.24232995567436197,0.1799193834367538,0.0,0.0,0.0,0.0,0.0,0.0,0.0,0.23723680498170693,0.0,0.0,0.0,0.0,0.0,0.0,0.0,0.0,0.0,0.0,0.0,0.216530042650039,0.2539311519639533,0.0,0.0,0.0,0.0,0.0,0.2606352852810046,0.0,0.0,NUMERICO_CONTINUO,financeiro_transacoes.csv,valor_transacao
1.0,0.013333333333333334,0.0,0.0,3.82,0.0,0.0,0.0,0.0,1,0,0,0.0,0.0,0.0,0.0,0.0,0.0,0.0,0.0,0.0,0.0,0.0,0.0,0.0,0.23180570985485266,0.2677146381624624,0.0,0.0,0.0,0.0,0.0,0.0,0.0,0.0,0.0,0.0,0.0,0.0,0.0,0.0,0.0,0.25202856954402897,0.2962171580457703,0.0,0.0,0.0,0.0,0.0,0.0,0.0,0.0,0.2474917784732861,0.2962171580457703,0.0,0.0,0.0,0.0,0.0,0.0,0.0,0.0,0.22837596313549224,0.2738311780400672,0.0,0.0,0.0,0.0,0.0,0.0,0.0,0.0,0.0,0.0,0.0,0.0,0.0,0.0,0.0,0.0,0.0,0.0,0.0,0.0,0.0,0.0,0.24323011833487537,0.0,0.0,0.0,0.0,0.0,0.0,0.0,0.0,0.0,0.0,0.0,0.0,0.0,0.28793749785163875,0.0,0.0,0.0,0.0,0.0,0.0,0.0,0.0,0.0,0.0,0.0,0.0,0.0,0.0,0.0,0.0,0.1732556438622116,0.20568632881971743,0.0,0.0,0.0,0.0,0.0,0.0,0.0,0.2738311780400672,0.2738311780400672,0.0,0.0,0.0,0.0,0.1987663989008019,0.0,0.0,0.0,0.0,0.0,0.0,0.0,0.0,0.0,0.0,0.0,0.0,0.0,0.0,0.0,0.0,0.0,0.20815310344631593,0.0,0.0,0.0,0.0,0.0,0.0,0.0,0.0,0.0,0.0,0.0,CATEGORICO_NOMINAL,financeiro_transacoes.csv,tipo_operacao
1.0,1.0,0.0,1.0,19.0,0.0,0.0,0.0,0.0,1,0,0,0.0,0.0,0.0,0.18022569599362404,0.21428639443539005,0.21428639443539005,0.0,0.0,0.0,0.0,0.0,0.0,0.0,0.0,0.0,0.0,0.0,0.0,0.0,0.0,0.0,0.0,0.0,0.0,0.0,0.22692424694209554,0.0,0.0,0.0,0.16492958544727795,0.0,0.0,0.0,0.0,0.0,0.0,0.0,0.0,0.0,0.0,0.0,0.0,0.0,0.0,0.0,0.0,0.155547291499568,0.20382682573752764,0.21428639443539005,0.0,0.0,0.0,0.242892899518699,0.0,0.0,0.0,0.0,0.16492958544727795,0.0,0.0,0.19490388819249022,0.21059651111481084,0.0,0.0,0.0,0.0,0.0,0.0,0.0,0.0,0.0,0.0,0.18022569599362404,0.21821449502464293,0.0,0.2007048883835717,0.0,0.0,0.0,0.0,0.0,0.0,0.0,0.0,0.0,0.0,0.0,0.0,0.0,0.0,0.0,0.0,0.0,0.0,0.0,0.0,0.0,0.0,0.19490388819249022,0.0,0.0,0.0,0.0,0.18473623580696824,0.0,0.15001034566820046,0.0,0.0,0.0,0.0,0.0,0.0,0.0,0.0,0.0,0.0,0.21821449502464293,0.24930560771753257,0.0,0.0,0.0,0.0,0.0,0.19773530263469527,0.0,0.0,0.0,0.0,0.22692424694209554,0.0,0.0,0.0,0.0,0.0,0.16163881460240034,0.2007048883835717,0.0,0.0,0.0,0.18712338233175335,0.0,0.0,0.0,0.0,0.0,0.0,0.0,0.0,0.0,0.0,DATA_HORA,financeiro_transacoes.csv,data_processamento
1.0,0.006666666666666667,0.0,0.0,4.98,0.019802627296179712,7.0116959145888655,0.0,0.693359375,0,0,0,0.0,0.0,0.0,0.0,0.0,0.0,0.0,0.0,0.0,0.0,0.0,0.0,0.2869617960839476,0.0,0.0,0.0,0.0,0.0,0.0,0.0,0.0,0.0,0.0,0.0,0.0,0.0,0.0,0.0,0.0,0.23219951493665386,0.0,0.0,0.0,0.0,0.0,0.0,0.0,0.0,0.0,0.0,0.0,0.0,0.0,0.0,0.0,0.0,0.0,0.0,0.0,0.0,0.0,0.0,0.0,0.0,0.0,0.0,0.0,0.0,0.0,0.0,0.0,0.0,0.2568507753988832,0.31947997640583214,0.0,0.0,0.0,0.22985171744147864,0.0,0.33379471530219235,0.0,0.0,0.0,0.0,0.0,0.0,0.0,0.0,0.0,0.0,0.0,0.0,0.0,0.0,0.0,0.0,0.0,0.0,0.0,0.0,0.3263387758372536,0.0,0.0,0.0,0.0,0.0,0.0,0.0,0.0,0.0,0.0,0.0,0.0,0.0,0.0,0.0,0.0,0.0,0.0,0.0,0.0,0.0,0.0,0.0,0.33379471530219235,0.0,0.0,0.0,0.0,0.0,0.24229225469360977,0.0,0.0,0.0,0.0,0.0,0.0,0.0,0.0,0.0,0.0,0.0,0.0,0.0,0.22756653540253308,0.28256651225851825,0.0,0.0,0.0,0.0,0.0,0.0,0.0,0.0,0.0,0.0,0.350990036299483,0.0,0.0,0.0,BOOLEANO,financeiro_transacoes.csv,suspeita_fraude
1.0,0.9966666666666667,0.0,0.0,8.0,0.0,0.0,0.0,0.0,1,0,0,0.0,0.0,0.0,0.0,0.0,0.0,0.0,0.0,0.0,0.0,0.0,0.0,0.0,0.0,0.0,0.0,0.0,0.3674057626397906,0.39742694246520965,0.0,0.0,0.0,0.0,0.0,0.0,0.0,0.0,0.0,0.0,0.0,0.0,0.0,0.0,0.0,0.0,0.0,0.0,0.0,0.0,0.0,0.0,0.0,0.0,0.0,0.0,0.0,0.0,0.0,0.0,0.0,0.0,0.0,0.0,0.0,0.30180704999321856,0.0,0.0,0.0,0.0,0.0,0.0,0.0,0.3128019895113654,0.38907405310960524,0.0,0.0,0.0,0.2799215785766763,0.0,0.0,0.0,0.0,0.0,0.0,0.0,0.0,0.0,0.0,0.0,0.0,0.0,0.0,0.0,0.0,0.0,0.0,0.3250932861628684,0.0,0.0,0.0,0.0,0.0,0.0,0.0,0.0,0.0,0.0,0.0,0.0,0.0,0.0,0.0,0.0,0.0,0.0,0.0,0.0,0.42744812229062873,0.0,0.0,0.0,0.0,0.0,0.0,0.0,0.0,0.0,0.0,0.0,0.0,0.0,0.0,0.0,0.0,0.0,0.0,0.0,0.0,0.0,0.0,0.0,0.0,0.0,0.0,0.0,0.0,0.0,0.0,0.0,0.0,0.0,0.0,0.0,0.0,0.0,0.0,0.0,0.0,0.0,0.0,ID,hotel_reservas.csv,booking_code
1.0,1.0,0.0,0.0,10.633333333333333,0.0,0.0,0.0,0.0,1,0,0,0.0,0.0,0.0,0.0,0.0,0.0,0.0,0.0,0.0,0.0,0.0,0.0,0.0,0.0,0.0,0.0,0.0,0.0,0.0,0.0,0.0,0.0,0.0,0.0,0.0,0.0,0.0,0.0,0.0,0.0,0.0,0.0,0.0,0.0,0.0,0.0,0.0,0.0,0.0,0.0,0.0,0.0,0.0,0.0,0.0,0.0,0.0,0.0,0.0,0.0,0.0,0.0,0.0,0.0,0.0,0.0,0.0,0.0,0.0,0.0,0.0,0.0,0.28435169794221704,0.3536865855610448,0.0,0.0,0.0,0.2544618603074824,0.32281572609353343,0.0,0.0,0.0,0.0,0.0,0.0,0.0,0.0,0.0,0.0,0.0,0.0,0.0,0.0,0.0,0.0,0.0,0.0,0.0,0.0,0.0,0.0,0.0,0.0,0.0,0.0,0.0,0.0,0.0,0.3037793081008381,0.0,0.0,0.0,0.34665640942466247,0.0,0.0,0.0,0.0,0.0,0.0,0.38857041652906893,0.0,0.0,0.3536865855610448,0.0,0.3695339985363736,0.0,0.0,0.0,0.0,0.0,0.0,0.0,0.0,0.0,0.0,0.0,0.0,0.0,0.0,0.0,0.0,0.0,0.0,0.0,0.0,0.0,0.0,0.0,0.0,0.0,0.0,0.0,0.0,0.0,0.0,0.0,0.0,0.0,0.0,0.0,TEXTO_LIVRE,hotel_reservas.csv,nome_hospede
1.0,0.013333333333333334,0.0,0.0,7.95,0.0,0.0,0.0,0.0,1,0,0,0.0,0.0,0.0,0.0,0.0,0.0,0.0,0.0,0.0,0.0,0.0,0.0,0.0,0.28511807019020535,0.32928559457118345,0.0,0.0,0.0,0.0,0.0,0.0,0.0,0.0,0.0,0.0,0.0,0.0,0.0,0.0,0.0,0.0,0.0,0.0,0.0,0.0,0.0,0.0,0.0,0.0,0.0,0.0,0.0,0.0,0.28511807019020535,0.0,0.0,0.0,0.0,0.0,0.0,0.0,0.0,0.0,0.0,0.0,0.0,0.0,0.0,0.0,0.0,0.0,0.0,0.0,0.0,0.0,0.0,0.0,0.0,0.0,0.0,0.0,0.0,0.0,0.0,0.0,0.0,0.0,0.0,0.0,0.0,0.0,0.0,0.0,0.0,0.0,0.0,0.0,0.0,0.35415945437349644,0.0,0.0,0.0,0.0,0.0,0.0,0.0,0.0,0.0,0.0,0.0,0.0,0.0,0.0,0.0,0.0,0.21310223487802132,0.25299156424708824,0.0,0.0,0.0,0.0,0.0,0.0,0.0,0.0,0.3368088607031354,0.0,0.0,0.34504966636051054,0.0,0.0,0.0,0.0,0.0,0.0,0.35415945437349644,0.0,0.0,0.0,0.0,0.0,0.0,0.0,0.0,0.0,0.0,0.0,0.0,0.2560256656140059,0.2658244056115403,0.0,0.0,0.0,0.0,0.0,0.0,0.0,0.0,0.0,0.0,CATEGORICO_ORDINAL,hotel_reservas.csv,tipo_quarto
1.0,1.0,0.0,1.0,19.0,0.0,0.0,0.0,0.0,1,0,0,0.0,0.5650942656791225,0.0,0.0,0.0,0.0,0.0,0.0,0.0,0.0,0.0,0.0,0.0,0.0,0.0,0.0,0.0,0.0,0.0,0.0,0.572034640875546,0.0,0.0,0.0,0.0,0.0,0.0,0.0,0.0,0.0,0.0,0.0,0.0,0.0,0.0,0.0,0.0,0.0,0.0,0.0,0.0,0.0,0.0,0.0,0.0,0.0,0.0,0.0,0.0,0.0,0.0,0.0,0.0,0.0,0.0,0.0,0.0,0.0,0.0,0.0,0.0,0.0,0.0,0.0,0.0,0.0,0.0,0.0,0.0,0.0,0.0,0.0,0.0,0.0,0.0,0.0,0.0,0.0,0.0,0.0,0.0,0.0,0.0,0.0,0.0,0.0,0.5945122711390898,0.0,0.0,0.0,0.0,0.0,0.0,0.0,0.0,0.0,0.0,0.0,0.0,0.0,0.0,0.0,0.0,0.0,0.0,0.0,0.0,0.0,0.0,0.0,0.0,0.0,0.0,0.0,0.0,0.0,0.0,0.0,0.0,0.0,0.0,0.0,0.0,0.0,0.0,0.0,0.0,0.0,0.0,0.0,0.0,0.0,0.0,0.0,0.0,0.0,0.0,0.0,0.0,0.0,0.0,0.0,0.0,0.0,0.0,0.0,0.0,0.0,0.0,0.0,DATA_HORA,hotel_reservas.csv,check_in
1.0,0.04666666666666667,1.0,0.0,1.3633333333333333,2.1498223384416355,0.5320239884220239,0.6931471805599453,2.70805020110221,0,1,0,0.0,0.0,0.0,0.0,0.0,0.0,0.0,0.0,0.0,0.0,0.0,0.0,0.0,0.0,0.0,0.0,0.0,0.0,0.0,0.0,0.0,0.0,0.0,0.0,0.0,0.0,0.0,0.0,0.0,0.0,0.0,0.0,0.0,0.0,0.0,0.0,0.0,0.0,0.0,0.0,0.0,0.0,0.0,0.0,0.0,0.0,0.0,0.0,0.0,0.0,0.0,0.0,0.0,0.0,0.0,0.0,0.0,0.0,0.0,0.0,0.0,0.0,0.0,0.0,0.0,0.0,0.0,0.0,0.0,0.0,0.0,0.0,0.0,0.0,0.0,0.42608790712611866,0.0,0.0,0.0,0.0,0.0,0.0,0.0,0.0,0.0,0.0,0.0,0.0,0.0,0.0,0.49209301165659697,0.0,0.0,0.0,0.0,0.0,0.0,0.0,0.0,0.0,0.0,0.0,0.4721748022675873,0.0,0.0,0.0,0.0,0.0,0.0,0.0,0.0,0.0,0.0,0.0,0.0,0.0,0.0,0.0,0.0,0.0,0.0,0.0,0.0,0.0,0.0,0.0,0.4549208644887739,0.0,0.0,0.0,0.0,0.0,0.0,0.0,0.0,0.0,0.3826114562267783,0.0,0.0,0.0,0.0,0.0,0.0,0.0,0.0,0.0,0.0,0.0,0.0,0.0,NUMERICO_INTEIRO,hotel_reservas.csv,noites
1.0,1.0,1.0,0.12,6.7,7.868940788325012,0.5464395242263619,5.345677937907874,8.513632860954813,0,0,1,0.0,0.0,0.0,0.0,0.0,0.0,0.0,0.0,0.0,0.0,0.0,0.0,0.0,0.0,0.0,0.3295752814432735,0.0,0.0,0.0,0.0,0.0,0.0,0.0,0.0,0.0,0.0,0.0,0.28328082710247576,0.0,0.0,0.0,0.0,0.0,0.0,0.0,0.0,0.0,0.0,0.5081620755852477,0.0,0.0,0.0,0.0,0.0,0.0,0.0,0.0,0.0,0.0,0.0,0.0,0.0,0.0,0.0,0.0,0.0,0.0,0.0,0.0,0.0,0.0,0.0,0.0,0.0,0.0,0.0,0.0,0.0,0.0,0.0,0.0,0.0,0.0,0.0,0.0,0.0,0.0,0.0,0.0,0.0,0.0,0.0,0.0,0.0,0.0,0.0,0.0,0.0,0.0,0.0,0.0,0.2999877268584379,0.0,0.0,0.0,0.3064280542728746,0.0,0.0,0.0,0.0,0.0,0.0,0.0,0.0,0.0,0.0,0.0,0.0,0.0,0.0,0.0,0.24421631533389196,0.0,0.0,0.0,0.0,0.0,0.0,0.0,0.3064280542728746,0.0,0.0,0.0,0.0,0.0,0.0,0.0,0.0,0.0,0.0,0.0,0.0,0.0,0.0,0.2136821481974102,0.0,0.0,0.0,0.0,0.24737205857992345,0.0,0.0,0.0,0.0,0.0,0.0,0.0,0.3295752814432735,0.0,0.0,NUMERICO_CONTINUO,hotel_reservas.csv,valor_total
1.0,1.0,0.0,0.0,6.633333333333334,0.0,0.0,0.0,0.0,1,0,0,0.0,0.25341388298263257,0.3127341017678904,0.0,0.0,0.0,0.0,0.0,0.0,0.0,0.0,0.0,0.0,0.0,0.0,0.0,0.0,0.0,0.0,0.0,0.25652626180985066,0.0,0.0,0.0,0.0,0.0,0.0,0.0,0.0,0.0,0.0,0.0,0.0,0.0,0.0,0.0,0.0,0.0,0.0,0.0,0.0,0.0,0.0,0.0,0.0,0.0,0.0,0.0,0.0,0.0,0.0,0.0,0.0,0.0,0.24750940505065433,0.0,0.3415297273598627,0.0,0.0,0.0,0.0,0.0,0.0,0.0,0.0,0.0,0.0,0.0,0.0,0.0,0.36062657238170226,0.0,0.0,0.0,0.0,0.0,0.0,0.0,0.0,0.0,0.0,0.0,0.0,0.0,0.0,0.3505465841190591,0.0,0.0,0.0,0.0,0.0,0.31907633505568833,0.0,0.0,0.0,0.0,0.0,0.0,0.0,0.0,0.0,0.0,0.0,0.0,0.0,0.0,0.0,0.3505465841190591,0.0,0.0,0.0,0.0,0.0,0.0,0.0,0.0,0.0,0.0,0.0,0.0,0.0,0.0,0.0,0.0,0.0,0.0,0.0,0.0,0.0,0.0,0.0,0.0,0.0,0.0,0.0,0.0,0.0,0.0,0.0,0.0,0.0,0.0,0.0,0.0,0.0,0.0,0.0,0.0,0.3415297273598627,0.0,ID,imoveis_aluguel.csv,cod_imovel
1.0,0.013333333333333334,0.0,0.0,6.433333333333334,0.0,0.0,0.0,0.0,1,0,0,0.0,0.0,0.0,0.0,0.0,0.0,0.0,0.0,0.0,0.0,0.0,0.0,0.0,0.0,0.0,0.0,0.0,0.0,0.0,0.0,0.0,0.0,0.0,0.0,0.0,0.0,0.0,0.0,0.0,0.0,0.0,0.0,0.0,0.0,0.0,0.0,0.0,0.0,0.0,0.0,0.0,0.0,0.0,0.0,0.0,0.0,0.0,0.0,0.0,0.0,0.0,0.0,0.0,0.0,0.0,0.0,0.0,0.0,0.0,0.0,0.0,0.0,0.0,0.0,0.0,0.0,0.0,0.0,0.0,0.0,0.0,0.0,0.0,0.0,0.0,0.0,0.0,0.0,0.0,0.0,0.0,0.0,0.0,0.0,0.0,0.0,0.0,0.0,0.0,0.0,0.0,0.0,0.0,0.0,0.0,0.0,0.0,0.0,0.0,0.0,0.0,0.0,0.0,0.0,0.0,0.42030840623634785,0.0,0.0,0.0,0.0,0.0,0.0,0.0,0.0,0.0,0.0,0.0,0.0,0.0,0.0,0.0,0.0,0.0,0.554027187503965,0.7186060945702506,0.0,0.0,0.0,0.0,0.0,0.0,0.0,0.0,0.0,0.0,0.0,0.0,0.0,0.0,0.0,0.0,0.0,0.0,0.0,0.0,0.0,0.0,0.0,0.0,0.0,CATEGORICO_NOMINAL,imoveis_aluguel.csv,bairro
1.0,1.0,1.0,0.15666666666666668,6.87,8.014909712755632,0.35612983457398056,4.888392327717779,8.660373631889,0,0,1,0.0,0.0,0.0,0.0,0.0,0.0,0.0,0.0,0.0,0.0,0.0,0.0,0.0,0.0,0.0,0.3096543302095893,0.28185517501389273,0.0,0.0,0.0,0.0,0.0,0.0,0.0,0.0,0.0,0.0,0.0,0.0,0.0,0.0,0.0,0.0,0.0,0.0,0.0,0.0,0.0,0.4774465683960842,0.0,0.0,0.0,0.0,0.0,0.0,0.0,0.0,0.0,0.0,0.0,0.0,0.0,0.0,0.0,0.0,0.0,0.0,0.0,0.0,0.0,0.0,0.0,0.0,0.0,0.0,0.0,0.0,0.0,0.0,0.0,0.31855845923379106,0.0,0.0,0.0,0.0,0.0,0.0,0.0,0.0,0.0,0.0,0.0,0.0,0.0,0.0,0.0,0.0,0.0,0.0,0.0,0.0,0.28185517501389273,0.0,0.0,0.0,0.2879062212668597,0.31855845923379106,0.0,0.0,0.0,0.0,0.0,0.0,0.0,0.0,0.0,0.0,0.0,0.0,0.0,0.0,0.2294548281042319,0.0,0.0,0.0,0.0,0.0,0.0,0.0,0.2879062212668597,0.0,0.0,0.0,0.0,0.0,0.0,0.0,0.0,0.0,0.0,0.0,0.0,0.0,0.0,0.0,0.0,0.0,0.0,0.0,0.0,0.0,0.0,0.0,0.0,0.0,0.0,0.0,0.3096543302095893,0.0,0.0,NUMERICO_CONTINUO,imoveis_aluguel.csv,valor_aluguel
1.0,0.4766666666666667,1.0,0.0,2.5866666666666664,4.717754546735237,0.4245689611402901,3.4339872044851463,5.293304824724492,0,1,0,0.5047007768143954,0.0,0.0,0.0,0.0,0.0,0.0,0.0,0.0,0.0,0.0,0.0,0.0,0.0,0.0,0.0,0.0,0.0,0.0,0.0,0.0,0.0,0.0,0.0,0.5170494454574082,0.0,0.0,0.0,0.0,0.35108786985545576,0.0,0.0,0.0,0.0,0.0,0.0,0.0,0.0,0.0,0.0,0.0,0.0,0.0,0.4272432477233767,0.0,0.0,0.0,0.0,0.0,0.0,0.0,0.0,0.0,0.0,0.0,0.0,0.0,0.0,0.0,0.0,0.0,0.0,0.0,0.0,0.0,0.0,0.0,0.0,0.0,0.0,0.0,0.0,0.0,0.0,0.0,0.0,0.0,0.0,0.0,0.0,0.0,0.0,0.0,0.0,0.0,0.0,0.0,0.0,0.0,0.0,0.0,0.0,0.0,0.0,0.0,0.0,0.0,0.0,0.0,0.0,0.0,0.0,0.0,0.0,0.0,0.0,0.0,0.0,0.0,0.0,0.0,0.0,0.0,0.0,0.0,0.0,0.0,0.0,0.0,0.0,0.0,0.4148945790803639,0.0,0.0,0.0,0.0,0.0,0.0,0.0,0.0,0.0,0.0,0.0,0.0,0.0,0.0,0.0,0.0,0.0,0.0,0.0,0.0,0.0,0.0,0.0,0.0,0.0,0.0,0.0,0.0,NUMERICO_INTEIRO,imoveis_aluguel.csv,area_m2
1.0,0.013333333333333334,1.0,0.0,1.0,1.2325602611778486,0.4685012957939051,0.6931471805599453,1.6094379124341003,0,1,0,0.0,0.0,0.0,0.0,0.0,0.0,0.0,0.0,0.0,0.0,0.0,0.0,0.0,0.0,0.0,0.0,0.0,0.0,0.0,0.0,0.0,0.0,0.0,0.0,0.0,0.0,0.0,0.0,0.0,0.0,0.0,0.0,0.0,0.0,0.0,0.0,0.0,0.0,0.0,0.0,0.0,0.0,0.0,0.3378764397649154,0.0,0.0,0.0,0.0,0.0,0.0,0.0,0.0,0.0,0.0,0.0,0.0,0.4088978041068622,0.0,0.0,0.0,0.0,0.0,0.0,0.0,0.0,0.0,0.0,0.0,0.0,0.0,0.0,0.0,0.0,0.0,0.0,0.0,0.0,0.0,0.0,0.0,0.0,0.0,0.0,0.0,0.0,0.0,0.0,0.0,0.0,0.0,0.0,0.0,0.0,0.0,0.0,0.0,0.0,0.0,0.0,0.0,0.0,0.0,0.0,0.0,0.0,0.0,0.0,0.0,0.0,0.0,0.0,0.0,0.3820153922040973,0.0,0.0,0.0,0.0,0.0,0.4088978041068622,0.0,0.0,0.0,0.0,0.0,0.0,0.4196932711875261,0.36074021228381953,0.0,0.0,0.0,0.0,0.0,0.0,0.0,0.0,0.0,0.0,0.0,0.0,0.3150126672460112,0.0,0.0,0.0,0.0,0.0,0.0,0.0,0.0,0.0,0.0,NUMERICO_INTEIRO,imoveis_aluguel.csv,qtd_quartos
1.0,0.006666666666666667,0.0,0.0,4.453333333333333,0.4361020775700542,0.9121632338752236,0.0,0.693359375,0,0,0,0.0,0.0,0.0,0.0,0.0,0.0,0.0,0.0,0.3699048396445704,0.0,0.0,0.0,0.0,0.0,0.0,0.0,0.0,0.0,0.0,0.0,0.0,0.0,0.0,0.0,0.0,0.0,0.0,0.0,0.0,0.0,0.0,0.0,0.2813290633800936,0.0,0.0,0.3699048396445704,0.3699048396445704,0.0,0.0,0.0,0.0,0.0,0.0,0.0,0.0,0.0,0.0,0.0,0.0,0.0,0.0,0.0,0.0,0.0,0.0,0.0,0.0,0.0,0.0,0.0,0.0,0.0,0.0,0.0,0.0,0.3699048396445704,0.3699048396445704,0.0,0.0,0.0,0.0,0.0,0.0,0.0,0.0,0.0,0.0,0.0,0.31794541285026107,0.0,0.0,0.0,0.0,0.0,0.0,0.0,0.0,0.0,0.0,0.0,0.0,0.0,0.0,0.0,0.293387886790056,0.0,0.0,0.0,0.0,0.0,0.0,0.0,0.0,0.0,0.0,0.22257643286665602,0.0,0.0,0.0,0.0,0.0,0.0,0.0,0.0,0.0,0.0,0.0,0.0,0.0,0.0,0.0,0.0,0.0,0.0,0.0,0.0,0.0,0.0,0.0,0.0,0.0,0.0,0.0,0.0,0.0,0.0,0.0,0.0,0.0,0.0,0.0,0.0,0.0,0.0,0.0,0.0,0.0,0.0,0.0,0.0,BOOLEANO,imoveis_aluguel.csv,mobiliado
1.0,1.0,0.0,1.0,19.0,0.0,0.0,0.0,0.0,1,0,0,0.0,0.0,0.0,0.0,0.0,0.0,0.0,0.0,0.0,0.0,0.0,0.0,0.0,0.0,0.0,0.0,0.0,0.0,0.0,0.0,0.0,0.0,0.0,0.0,0.0,0.0,0.0,0.42112198849231497,0.0,0.0,0.0,0.0,0.0,0.0,0.0,0.0,0.0,0.0,0.0,0.0,0.0,0.0,0.0,0.0,0.0,0.0,0.0,0.0,0.0,0.0,0.0,0.0,0.0,0.0,0.0,0.0,0.0,0.0,0.0,0.0,0.0,0.0,0.0,0.0,0.0,0.0,0.0,0.32084725875051107,0.0,0.0,0.0,0.0,0.0,0.0,0.0,0.0,0.0,0.0,0.0,0.0,0.0,0.0,0.0,0.0,0.0,0.48994278680603554,0.0,0.0,0.0,0.0,0.0,0.0,0.0,0.0,0.0,0.4555323876491752,0.0,0.0,0.38303091139672385,0.0,0.0,0.0,0.0,0.0,0.0,0.0,0.0,0.0,0.0,0.0,0.0,0.0,0.0,0.0,0.0,0.0,0.0,0.0,0.0,0.0,0.0,0.0,0.0,0.0,0.0,0.0,0.0,0.0,0.0,0.0,0.0,0.0,0.0,0.0,0.0,0.0,0.0,0.0,0.3541848920190323,0.0,0.0,0.0,0.0,0.0,0.0,0.0,0.0,0.0,0.0,0.0,DATA_HORA,iot_smart_home.csv,log_time
1.0,0.013333333333333334,0.0,0.0,8.71,0.0,0.0,0.0,0.0,1,0,0,0.0,0.0,0.0,0.24533712809709252,0.0,0.0,0.0,0.0,0.0,0.0,0.0,0.0,0.0,0.0,0.0,0.0,0.0,0.0,0.0,0.0,0.24835030982980846,0.26531821625365803,0.26531821625365803,0.0,0.0,0.0,0.0,0.0,0.0,0.0,0.0,0.0,0.0,0.0,0.0,0.0,0.0,0.0,0.0,0.0,0.0,0.0,0.0,0.0,0.0,0.0,0.0,0.0,0.0,0.0,0.0,0.0,0.3306445625001302,0.0,0.0,0.26163523810043654,0.0,0.0,0.0,0.0,0.0,0.0,0.24835030982980846,0.0,0.0,0.0,0.0,0.0,0.2819444588284301,0.0,0.0,0.0,0.0,0.0,0.0,0.0,0.32274779329014486,0.0,0.0,0.0,0.28668022580977015,0.22003523051992666,0.26163523810043654,0.0,0.0,0.0,0.0,0.0,0.0,0.0,0.0,0.0,0.0,0.0,0.0,0.0,0.0,0.0,0.0,0.0,0.0,0.0,0.0,0.0,0.0,0.0,0.0,0.0,0.0,0.0,0.0,0.0,0.0,0.0,0.0,0.0,0.0,0.0,0.0,0.0,0.0,0.0,0.0,0.0,0.0,0.0,0.0,0.0,0.0,0.0,0.0,0.0,0.0,0.0,0.0,0.0,0.0,0.0,0.0,0.0,0.0,0.0,0.0,0.0,0.0,0.0,0.0,0.0,0.0,0.339374035864917,CATEGORICO_NOMINAL,iot_smart_home.csv,device_id
1.0,0.30666666666666664,1.0,0.0,4.0,3.1278564264810322,0.09960158515267852,2.8449093838194073,3.339321977944068,0,0,1,0.0,0.0,0.0,0.0,0.0,0.0,0.0,0.0,0.0,0.0,0.0,0.46697814173963414,0.0,0.0,0.0,0.0,0.0,0.0,0.0,0.0,0.0,0.0,0.0,0.0,0.0,0.0,0.0,0.39016393098145385,0.0,0.0,0.0,0.0,0.0,0.0,0.0,0.0,0.0,0.0,0.0,0.0,0.0,0.0,0.0,0.0,0.0,0.0,0.0,0.0,0.0,0.0,0.0,0.0,0.0,0.0,0.0,0.0,0.0,0.0,0.0,0.0,0.0,0.0,0.0,0.0,0.0,0.0,0.0,0.0,0.0,0.0,0.0,0.43168726455665685,0.0,0.0,0.0,0.0,0.0,0.0,0.0,0.0,0.0,0.0,0.0,0.0,0.0,0.0,0.0,0.0,0.0,0.0,0.0,0.0,0.0,0.0,0.0,0.0,0.0,0.0,0.0,0.0,0.0,0.0,0.0,0.0,0.0,0.0,0.0,0.0,0.0,0.4539254868657603,0.0,0.0,0.0,0.0,0.0,0.0,0.0,0.0,0.0,0.0,0.0,0.0,0.0,0.36002837778401997,0.0,0.0,0.0,0.0,0.0,0.0,0.0,0.0,0.0,0.0,0.0,0.0,0.32814759984186676,0.0,0.0,0.0,0.0,0.0,0.0,0.0,0.0,0.0,0.0,0.0,0.0,0.0,NUMERICO_CONTINUO,iot_smart_home.csv,room_temp
1.0,0.5233333333333333,1.0,0.0,4.0,3.829474382792987,0.11308285698996709,3.3775875160230218,4.110873864173311,0,0,1,0.0,0.0,0.0,0.0,0.0,0.0,0.0,0.0,0.0,0.0,0.0,0.0,0.0,0.0,0.0,0.0,0.0,0.0,0.0,0.0,0.0,0.0,0.0,0.0,0.0,0.0,0.0,0.0,0.0,0.0,0.0,0.0,0.0,0.0,0.0,0.0,0.0,0.0,0.0,0.0,0.0,0.0,0.0,0.0,0.0,0.0,0.0,0.0,0.0,0.0,0.0,0.0,0.0,0.0,0.0,0.0,0.0,0.0,0.0,0.0,0.0,0.0,0.0,0.0,0.6615656114650786,0.0,0.0,0.0,0.0,0.0,0.0,0.0,0.0,0.0,0.0,0.0,0.0,0.0,0.0,0.0,0.0,0.42893010790229097,0.0,0.0,0.0,0.0,0.0,0.0,0.0,0.0,0.6151015397979146,0.0,0.0,0.0,0.0,0.0,0.0,0.0,0.0,0.0,0.0,0.0,0.0,0.0,0.0,0.0,0.0,0.0,0.0,0.0,0.0,0.0,0.0,0.0,0.0,0.0,0.0,0.0,0.0,0.0,0.0,0.0,0.0,0.0,0.0,0.0,0.0,0.0,0.0,0.0,0.0,0.0,0.0,0.0,0.0,0.0,0.0,0.0,0.0,0.0,0.0,0.0,0.0,0.0,0.0,0.0,0.0,0.0,0.0,0.0,NUMERICO_CONTINUO,iot_smart_home.csv,humidity
1.0,0.9933333333333333,1.0,0.0,4.87,3.9501873916337424,0.9810085307135705,0.23111172096338664,5.784071305885004,0,0,1,0.0,0.0,0.0,0.0,0.0,0.0,0.356940451793897,0.0,0.0,0.0,0.0,0.0,0.0,0.0,0.0,0.0,0.0,0.0,0.0,0.0,0.0,0.0,0.0,0.0,0.0,0.0,0.0,0.0,0.0,0.0,0.0,0.0,0.0,0.0,0.0,0.0,0.0,0.356940451793897,0.0,0.0,0.0,0.0,0.0,0.0,0.0,0.0,0.0,0.0,0.0,0.0,0.0,0.0,0.0,0.0,0.0,0.0,0.0,0.0,0.0,0.0,0.0,0.0,0.0,0.0,0.0,0.0,0.0,0.23991972893290572,0.0,0.0,0.0,0.0,0.26484858750628604,0.0,0.3094796676744849,0.0,0.0,0.366364172974095,0.0,0.0,0.0,0.0,0.0,0.0,0.0,0.0,0.0,0.0,0.0,0.0,0.0,0.0,0.0,0.0,0.0,0.0,0.0,0.0,0.0,0.0,0.0,0.3768989969625028,0.0,0.0,0.0,0.0,0.0,0.0,0.0,0.0,0.0,0.0,0.0,0.0,0.0,0.0,0.0,0.0,0.0,0.0,0.0,0.0,0.0,0.0,0.0,0.0,0.0,0.0,0.3334739030535793,0.0,0.0,0.0,0.0,0.0,0.0,0.0,0.0,0.0,0.0,0.0,0.0,0.0,0.0,0.0,0.0,0.0,0.366364172974095,0.0,0.0,0.0,NUMERICO_CONTINUO,iot_smart_home.csv,energy_usage
1.0,0.013333333333333334,0.0,0.0,4.31,0.0,0.0,0.0,0.0,1,0,0,0.0,0.0,0.0,0.21642390959745642,0.0,0.0,0.0,0.0,0.0,0.0,0.0,0.0,0.0,0.0,0.0,0.0,0.0,0.0,0.0,0.0,0.0,0.0,0.0,0.0,0.0,0.0,0.2916777801160979,0.0,0.0,0.0,0.0,0.0,0.0,0.0,0.0,0.0,0.0,0.0,0.0,0.0,0.0,0.0,0.0,0.0,0.0,0.0,0.1867888636414125,0.0,0.0,0.0,0.0,0.0,0.2916777801160979,0.0,0.0,0.0,0.0,0.0,0.0,0.0,0.0,0.0,0.21908198494047562,0.0,0.0,0.0,0.0,0.0,0.24871703089651953,0.0,0.0,0.0,0.0,0.0,0.0,0.0,0.2847116528166152,0.0,0.0,0.0,0.2528946831458706,0.0,0.0,0.0,0.0,0.0,0.0,0.0,0.0,0.0,0.0,0.0,0.0,0.0,0.0,0.0,0.0,0.0,0.0,0.0,0.0,0.0,0.0,0.0,0.0,0.0,0.0,0.0,0.0,0.0,0.0,0.0,0.0,0.0,0.0,0.0,0.0,0.0,0.0,0.0,0.0,0.0,0.0,0.0,0.0,0.0,0.257325677127031,0.0,0.0,0.0,0.2340502071350389,0.2847116528166152,0.0,0.0,0.19410386519016418,0.0,0.0,0.0,0.0,0.0,0.0,0.0,0.2725018340747838,0.0,0.0,0.0,0.2993784765780959,0.0,0.0,0.2993784765780959,CATEGORICO_NOMINAL,iot_smart_home.csv,device_status
1.0,1.0,0.0,1.0,19.0,0.0,0.0,0.0,0.0,1,0,0,0.0,0.0,0.0,0.0,0.0,0.0,0.0,0.0,0.0,0.383358177404803,0.0,0.0,0.0,0.0,0.0,0.0,0.0,0.0,0.0,0.0,0.0,0.0,0.0,0.0,0.0,0.0,0.0,0.40303056928915837,0.0,0.0,0.0,0.0,0.0,0.0,0.0,0.0,0.0,0.0,0.0,0.0,0.0,0.0,0.0,0.0,0.0,0.0,0.0,0.0,0.0,0.0,0.0,0.0,0.0,0.0,0.0,0.0,0.0,0.0,0.0,0.0,0.0,0.0,0.0,0.0,0.0,0.0,0.0,0.3070636463606178,0.0,0.0,0.0,0.0,0.0,0.0,0.0,0.0,0.0,0.0,0.0,0.0,0.0,0.0,0.0,0.0,0.0,0.468894823071336,0.3566153433547539,0.0,0.0,0.0,0.0,0.0,0.0,0.0,0.0,0.0,0.0,0.0,0.3665758865459573,0.0,0.0,0.0,0.0,0.0,0.0,0.0,0.0,0.0,0.0,0.0,0.0,0.0,0.0,0.0,0.0,0.0,0.0,0.0,0.0,0.0,0.0,0.0,0.0,0.0,0.0,0.0,0.0,0.0,0.0,0.0,0.0,0.0,0.0,0.0,0.0,0.0,0.0,0.0,0.33896909343325504,0.0,0.0,0.0,0.0,0.0,0.0,0.0,0.0,0.0,0.0,0.0,DATA_HORA,iot_telemetria.csv,ping_time
1.0,0.83,0.0,0.0,7.0,0.0,0.0,0.0,0.0,1,0,0,0.0,0.0,0.0,0.0,0.0,0.0,0.0,0.0,0.0,0.0,0.0,0.0,0.0,0.0,0.0,0.3610992497550714,0.0,0.0,0.0,0.0,0.2642485902830789,0.28230270648543077,0.28230270648543077,0.0,0.0,0.0,0.0,0.0,0.0,0.0,0.0,0.0,0.0,0.0,0.0,0.0,0.0,0.0,0.0,0.0,0.0,0.0,0.0,0.0,0.0,0.0,0.0,0.0,0.0,0.0,0.0,0.0,0.0,0.0,0.0,0.27838396047823194,0.0,0.0,0.0,0.0,0.0,0.0,0.0,0.0,0.0,0.0,0.0,0.0,0.29999328704117406,0.0,0.0,0.0,0.0,0.0,0.0,0.0,0.0,0.0,0.0,0.0,0.3050322167271722,0.23412090573733657,0.27838396047823194,0.0,0.0,0.0,0.0,0.0,0.0,0.0,0.0,0.0,0.0,0.3518109543946211,0.0,0.0,0.0,0.0,0.0,0.0,0.0,0.0,0.0,0.0,0.0,0.0,0.0,0.0,0.0,0.0,0.0,0.0,0.0,0.0,0.0,0.0,0.0,0.0,0.0,0.0,0.0,0.0,0.0,0.0,0.0,0.0,0.0,0.0,0.0,0.0,0.0,0.0,0.0,0.0,0.0,0.0,0.0,0.0,0.0,0.0,0.0,0.0,0.0,0.0,0.0,0.0,0.0,0.0,0.3518109543946211,0.0,CATEGORICO_NOMINAL,iot_telemetria.csv,vehicle_id
1.0,0.83,1.0,0.0,4.016666666666667,4.118869139015032,0.34824384955654897,1.7578579175523736,4.74493212836325,0,0,1,0.0,0.0,0.0,0.0,0.0,0.0,0.0,0.0,0.0,0.0,0.0,0.0,0.5148145024248998,0.0,0.0,0.0,0.0,0.0,0.0,0.0,0.0,0.0,0.0,0.0,0.0,0.0,0.0,0.0,0.0,0.0,0.0,0.0,0.0,0.0,0.0,0.0,0.0,0.0,0.0,0.0,0.0,0.0,0.0,0.0,0.0,0.0,0.0,0.0,0.0,0.0,0.0,0.0,0.0,0.0,0.0,0.0,0.6134854269343486,0.0,0.0,0.0,0.0,0.0,0.0,0.0,0.0,0.0,0.0,0.0,0.0,0.0,0.0,0.0,0.0,0.0,0.0,0.0,0.0,0.0,0.0,0.0,0.0,0.0,0.0,0.0,0.0,0.0,0.0,0.0,0.0,0.0,0.0,0.0,0.0,0.0,0.0,0.0,0.0,0.0,0.0,0.0,0.0,0.0,0.0,0.0,0.0,0.0,0.0,0.0,0.0,0.0,0.0,0.0,0.0,0.0,0.5988335820845245,0.0,0.0,0.0,0.0,0.0,0.0,0.0,0.0,0.0,0.0,0.0,0.0,0.0,0.0,0.0,0.0,0.0,0.0,0.0,0.0,0.0,0.0,0.0,0.0,0.0,0.0,0.0,0.0,0.0,0.0,0.0,0.0,0.0,0.0,0.0,NUMERICO_CONTINUO,iot_telemetria.csv,speed_kmh
1.0,0.8866666666666667,1.0,0.0,3.9133333333333336,3.9397873182773693,0.5568594618904344,0.5877866649021191,4.60816569496789,0,0,1,0.0,0.0,0.0,0.0,0.0,0.0,0.0,0.32562414323973743,0.0,0.0,0.0,0.0,0.0,0.0,0.0,0.0,0.0,0.0,0.0,0.0,0.0,0.0,0.0,0.32562414323973743,0.0,0.0,0.0,0.0,0.0,0.0,0.0,0.0,0.0,0.0,0.0,0.0,0.0,0.0,0.0,0.0,0.0,0.0,0.0,0.0,0.0,0.0,0.0,0.0,0.0,0.0,0.0,0.0,0.0,0.0,0.0,0.0,0.0,0.0,0.0,0.0,0.0,0.0,0.0,0.0,0.0,0.0,0.0,0.0,0.0,0.0,0.6512482864794749,0.0,0.0,0.0,0.0,0.0,0.3010157930414257,0.0,0.0,0.0,0.0,0.0,0.0,0.0,0.0,0.0,0.0,0.0,0.0,0.0,0.0,0.28810677356468595,0.0,0.3083808387384908,0.0,0.0,0.0,0.0,0.0,0.0,0.0,0.0,0.0,0.0,0.0,0.0,0.0,0.0,0.0,0.0,0.0,0.0,0.0,0.0,0.0,0.0,0.0,0.0,0.0,0.0,0.0,0.0,0.0,0.0,0.0,0.0,0.0,0.0,0.0,0.0,0.0,0.0,0.0,0.0,0.0,0.0,0.0,0.0,0.0,0.0,0.0,0.0,0.0,0.0,0.0,0.0,0.0,0.0,0.3083808387384908,0.0,NUMERICO_CONTINUO,iot_telemetria.csv,fuel_level
1.0,0.9566666666666667,1.0,0.17,3.953333333333333,7.780240403118817,0.3782118895900314,6.698268054115413,8.293299358711323,0,1,0,0.0,0.0,0.0,0.0,0.0,0.0,0.49987458632852516,0.0,0.0,0.0,0.0,0.0,0.0,0.0,0.0,0.0,0.0,0.0,0.0,0.0,0.0,0.0,0.0,0.0,0.0,0.0,0.0,0.0,0.0,0.0,0.0,0.0,0.0,0.0,0.0,0.0,0.0,0.0,0.0,0.0,0.0,0.0,0.0,0.0,0.0,0.0,0.0,0.0,0.0,0.0,0.0,0.0,0.0,0.0,0.0,0.0,0.0,0.0,0.0,0.0,0.0,0.0,0.0,0.0,0.0,0.0,0.0,0.0,0.42624886572700227,0.0,0.0,0.0,0.3709052236977713,0.0,0.0,0.0,0.0,0.0,0.0,0.0,0.0,0.0,0.0,0.0,0.0,0.0,0.39021402323541726,0.0,0.0,0.0,0.0,0.0,0.0,0.0,0.0,0.0,0.0,0.0,0.0,0.0,0.0,0.5278253816495238,0.0,0.0,0.0,0.0,0.0,0.0,0.0,0.0,0.0,0.0,0.0,0.0,0.0,0.0,0.0,0.0,0.0,0.0,0.0,0.0,0.0,0.0,0.0,0.0,0.0,0.0,0.0,0.0,0.0,0.0,0.0,0.0,0.0,0.0,0.0,0.0,0.0,0.0,0.0,0.0,0.0,0.0,0.0,0.0,0.0,0.0,0.0,0.0,NUMERICO_INTEIRO,iot_telemetria.csv,engine_rpm
0.10666666666666667,0.09375,0.0,0.0,4.40625,0.0,0.0,0.0,0.0,1,0,0,0.0,0.0,0.0,0.0,0.0,0.0,0.0,0.0,0.26605665115570487,0.0,0.0,0.0,0.0,0.0,0.0,0.0,0.2421714688257221,0.0,0.0,0.0,0.0,0.0,0.0,0.0,0.0,0.0,0.0,0.0,0.0,0.0,0.0,0.0,0.0,0.0,0.0,0.0,0.0,0.0,0.20511231831840793,0.21419041056795818,0.0,0.0,0.0,0.0,0.0,0.0,0.0,0.0,0.0,0.0,0.0,0.0,0.259213067957394,0.0,0.0,0.0,0.0,0.0,0.0,0.0,0.0,0.0,0.0,0.0,0.0,0.0,0.0,0.0,0.22103399376626906,0.0,0.0,0.0,0.19233520484063152,0.0,0.22474665935218502,0.0,0.0,0.0,0.0,0.0,0.0,0.0,0.0,0.0,0.0,0.0,0.20234790263246943,0.0,0.0,0.0,0.0,0.0,0.0,0.259213067957394,0.0,0.0,0.0,0.2421714688257221,0.0,0.23735786223006733,0.259213067957394,0.0,0.0,0.1971488114362863,0.27370712627754146,0.0,0.0,0.0,0.0,0.0,0.0,0.0,0.0,0.0,0.0,0.0,0.0,0.0,0.0,0.0,0.0,0.0,0.0,0.0,0.0,0.26605665115570487,0.0,0.0,0.0,0.0,0.0,0.0,0.259213067957394,0.0,0.0,0.0,0.19233520484063152,0.0,0.0,0.0,0.0,0.0,0.0,0.0,0.0,0.0,0.0,0.0,0.0,0.0,CATEGORICO_NOMINAL,iot_telemetria.csv,maintenance_alert
1.0,1.0,0.0,0.0,9.0,0.0,0.0,0.0,0.0,1,0,0,0.0,0.0,0.0,0.0,0.0,0.0,0.0,0.0,0.0,0.0,0.0,0.0,0.0,0.26830297854556023,0.0,0.0,0.0,0.2864587821046313,0.30986568391353153,0.0,0.0,0.0,0.0,0.0,0.0,0.0,0.0,0.0,0.0,0.0,0.29170988035446044,0.0,0.0,0.0,0.0,0.0,0.0,0.0,0.0,0.0,0.0,0.0,0.0,0.0,0.0,0.0,0.0,0.0,0.0,0.0,0.0,0.0,0.0,0.0,0.2353128033443799,0.0,0.0,0.0,0.0,0.0,0.0,0.0,0.24388533351117084,0.3033531063897896,0.0,0.0,0.0,0.21824914750315433,0.0,0.0,0.0,0.0,0.0,0.0,0.0,0.0,0.0,0.0,0.0,0.0,0.0,0.0,0.0,0.0,0.0,0.0,0.25346860690345097,0.0,0.0,0.0,0.0,0.0,0.0,0.0,0.0,0.0,0.0,0.0,0.0,0.0,0.0,0.0,0.0,0.0,0.0,0.0,0.0,0.33327258572243174,0.0,0.0,0.0,0.0,0.0,0.0,0.0,0.0,0.0,0.0,0.0,0.0,0.2300617050945508,0.0,0.0,0.0,0.0,0.0,0.0,0.0,0.0,0.0,0.0,0.0,0.0,0.0,0.0,0.0,0.0,0.0,0.0,0.0,0.27687550871235117,0.3247000555556408,0.0,0.0,0.0,0.0,0.0,0.0,0.0,0.0,ID,logistica_entregas.csv,tracking_code
1.0,1.0,0.0,0.0,12.633333333333333,0.0,0.0,0.0,0.0,1,0,0,0.0,0.0,0.0,0.0,0.0,0.0,0.0,0.0,0.4043303148984291,0.0,0.0,0.0,0.0,0.0,0.0,0.0,0.0,0.0,0.0,0.0,0.0,0.0,0.0,0.0,0.0,0.0,0.0,0.0,0.2958846239450618,0.0,0.0,0.0,0.0,0.0,0.0,0.0,0.0,0.0,0.0,0.0,0.0,0.0,0.0,0.0,0.0,0.0,0.0,0.0,0.0,0.0,0.0,0.0,0.0,0.0,0.0,0.0,0.0,0.0,0.0,0.0,0.0,0.0,0.0,0.0,0.0,0.0,0.0,0.0,0.0,0.0,0.0,0.0,0.0,0.0,0.0,0.0,0.0,0.0,0.0,0.0,0.0,0.0,0.0,0.0,0.0,0.0,0.0,0.0,0.0,0.37593277971360745,0.0,0.0,0.0,0.0,0.0,0.0,0.0,0.0,0.0,0.0,0.0,0.0,0.0,0.0,0.0,0.0,0.0,0.0,0.0,0.0,0.0,0.2996100291559105,0.0,0.0,0.0,0.0,0.0,0.0,0.0,0.0,0.0,0.0,0.33057164413476614,0.0,0.0,0.0,0.0,0.0,0.0,0.0,0.31610019208667695,0.38452180515577133,0.0,0.0,0.2621500310656717,0.0,0.0,0.0,0.0,0.3034815654398782,0.0,0.0,0.0,0.0,0.0,0.0,0.0,0.0,0.0,0.0,TEXTO_LIVRE,logistica_entregas.csv,motorista
1.0,0.01,0.0,0.0,5.113333333333333,0.0,0.0,0.0,0.0,1,0,0,0.0,0.0,0.0,0.0,0.0,0.0,0.0,0.0,0.0,0.0,0.0,0.0,0.0,0.2803928850060907,0.3238284328705162,0.0,0.0,0.0,0.0,0.0,0.0,0.0,0.0,0.0,0.0,0.0,0.0,0.0,0.0,0.0,0.0,0.0,0.0,0.0,0.0,0.0,0.0,0.0,0.0,0.0,0.0,0.0,0.0,0.0,0.0,0.0,0.0,0.0,0.0,0.0,0.0,0.0,0.0,0.0,0.0,0.0,0.0,0.0,0.0,0.0,0.0,0.0,0.0,0.0,0.0,0.0,0.0,0.0,0.0,0.331227017933888,0.0,0.0,0.0,0.0,0.0,0.0,0.0,0.0,0.0,0.0,0.29421188392206826,0.0,0.0,0.0,0.0,0.0,0.0,0.0,0.3482900648763545,0.0,0.0,0.0,0.0,0.0,0.0,0.3238284328705162,0.0,0.0,0.0,0.0,0.0,0.0,0.0,0.0,0.0,0.2095705487864467,0.24879880301561372,0.0,0.0,0.0,0.0,0.0,0.0,0.0,0.0,0.331227017933888,0.0,0.0,0.0,0.0,0.0,0.0,0.0,0.0,0.0,0.0,0.0,0.0,0.0,0.0,0.0,0.0,0.0,0.0,0.0,0.0,0.0,0.0,0.25178262103564814,0.0,0.0,0.0,0.0,0.0,0.0,0.0,0.0,0.0,0.33933125093288535,0.0,CATEGORICO_NOMINAL,logistica_entregas.csv,tipo_veiculo
1.0,0.013333333333333334,0.0,0.0,7.16,0.0,0.0,0.0,0.0,1,0,0,0.0,0.0,0.0,0.0,0.0,0.0,0.0,0.0,0.0,0.0,0.0,0.0,0.2672141095998686,0.0,0.0,0.0,0.0,0.0,0.0,0.0,0.0,0.0,0.0,0.0,0.0,0.0,0.0,0.0,0.23917522187577264,0.0,0.0,0.0,0.0,0.0,0.0,0.0,0.0,0.0,0.0,0.0,0.0,0.0,0.0,0.0,0.0,0.0,0.20392031739851413,0.0,0.0,0.0,0.0,0.0,0.0,0.0,0.0,0.0,0.0,0.0,0.0,0.0,0.0,0.0,0.0,0.0,0.0,0.0,0.0,0.0,0.0,0.0,0.0,0.0,0.23627335954281145,0.2860761422290999,0.0,0.0,0.0,0.0,0.0,0.0,0.0,0.0,0.0,0.0,0.0,0.0,0.0,0.0,0.0,0.0,0.0,0.0,0.0,0.0,0.0,0.0,0.0,0.0,0.0,0.0,0.0,0.0,0.0,0.24218661397179228,0.0,0.0,0.0,0.0,0.0,0.0,0.0,0.0,0.0,0.0,0.0,0.0,0.0,0.0,0.0,0.0,0.0,0.25551626363437835,0.0,0.0,0.0,0.0,0.0,0.3038813061643673,0.0,0.0,0.25551626363437835,0.31082415448962414,0.0,0.0,0.21190621874462282,0.0,0.0,0.0,0.0,0.0,0.27152826402007,0.0,0.29749450482703804,0.0,0.0,0.0,0.3268361548753158,0.0,0.0,0.0,CATEGORICO_NOMINAL,logistica_entregas.csv,status_entrega
1.0,0.9633333333333334,1.0,0.0,4.833333333333333,5.528640416804064,0.5494529618622362,1.1939224684724346,6.212606095751519,0,0,1,0.0,0.0,0.0,0.2567886612287167,0.0,0.0,0.0,0.0,0.0,0.0,0.0,0.0,0.0,0.0,0.0,0.0,0.0,0.0,0.0,0.0,0.0,0.0,0.0,0.0,0.0,0.0,0.0,0.0,0.0,0.23499450070378453,0.0,0.0,0.0,0.0,0.0,0.0,0.0,0.0,0.0,0.2859677656170611,0.0,0.0,0.0,0.0,0.0,0.0,0.0,0.0,0.0,0.0,0.0,0.0,0.0,0.3233255571650389,0.0,0.0,0.0,0.0,0.0,0.0,0.0,0.0,0.0,0.0,0.3552149036775624,0.0,0.0,0.0,0.0,0.0,0.0,0.0,0.0,0.0,0.0,0.0,0.0,0.0,0.30531892826503076,0.0,0.0,0.0,0.0,0.0,0.0,0.0,0.0,0.0,0.0,0.33026691597129654,0.0,0.0,0.0,0.0,0.0,0.0,0.0,0.0,0.0,0.0,0.34607796710395006,0.0,0.0,0.0,0.0,0.0,0.0,0.0,0.0,0.0,0.0,0.0,0.0,0.0,0.0,0.0,0.0,0.0,0.0,0.0,0.0,0.0,0.0,0.0,0.0,0.0,0.0,0.0,0.0,0.0,0.2777024010992953,0.3378126025861842,0.0,0.0,0.23030575399090453,0.0,0.0,0.0,0.0,0.0,0.0,0.0,0.0,0.0,0.0,0.0,0.0,0.0,0.0,0.0,NUMERICO_CONTINUO,logistica_entregas.csv,distancia_km
1.0,1.0,0.0,1.0,19.0,0.0,0.0,0.0,0.0,1,0,0,0.0,0.0,0.0,0.19172888136213184,0.22796355685970204,0.22796355685970204,0.0,0.0,0.0,0.0,0.0,0.0,0.0,0.0,0.0,0.0,0.0,0.0,0.0,0.0,0.0,0.0,0.0,0.0,0.0,0.0,0.25839591662429967,0.0,0.19408365728795832,0.35091294553741603,0.0,0.0,0.0,0.0,0.0,0.0,0.0,0.0,0.0,0.0,0.0,0.0,0.0,0.0,0.0,0.0,0.16547533931663483,0.2168363899209628,0.22796355685970204,0.0,0.0,0.0,0.0,0.0,0.0,0.0,0.0,0.35091294553741603,0.0,0.0,0.20734393200844226,0.22403816099696966,0.0,0.0,0.0,0.0,0.0,0.0,0.0,0.0,0.0,0.0,0.0,0.0,0.0,0.0,0.0,0.0,0.0,0.0,0.0,0.17195566335621545,0.0,0.2321423745788026,0.0,0.0,0.0,0.0,0.0,0.0,0.0,0.0,0.0,0.0,0.0,0.0,0.0,0.0,0.0,0.0,0.0,0.0,0.0,0.0,0.0,0.0,0.0,0.0,0.0,0.0,0.0,0.196527313394723,0.0,0.0,0.0,0.0,0.0,0.0,0.0,0.0,0.18308283029495476,0.0,0.0,0.0,0.0,0.0,0.0,0.0,0.24140803995947033,0.0,0.0,0.0,0.0,0.0,0.17195566335621545,0.21351519005955233,0.0,0.0,0.0,0.0,0.0,0.0,0.0,0.0,0.0,0.0,0.0,0.0,0.0,0.0,DATA_HORA,logistica_entregas.csv,data_hora_saida
1.0,1.0,0.0,0.0,7.633333333333334,0.0,0.0,0.0,0.0,1,0,0,0.0,0.0,0.0,0.0,0.0,0.0,0.0,0.0,0.0,0.0,0.0,0.0,0.0,0.0,0.0,0.0,0.0,0.0,0.0,0.0,0.31363100764995366,0.33505905254777935,0.33505905254777935,0.0,0.0,0.0,0.0,0.0,0.0,0.0,0.0,0.0,0.0,0.0,0.0,0.0,0.0,0.0,0.0,0.0,0.0,0.0,0.0,0.0,0.0,0.0,0.0,0.0,0.0,0.0,0.0,0.0,0.0,0.0,0.0,0.3304079766133898,0.0,0.0,0.0,0.0,0.0,0.0,0.0,0.0,0.0,0.0,0.0,0.0,0.3560556247515015,0.0,0.0,0.0,0.0,0.0,0.0,0.0,0.0,0.0,0.0,0.0,0.0,0.277873102367966,0.3304079766133898,0.0,0.0,0.0,0.0,0.0,0.0,0.0,0.0,0.0,0.0,0.0,0.0,0.39848024185304926,0.0,0.0,0.0,0.0,0.0,0.0,0.0,0.0,0.0,0.0,0.0,0.0,0.0,0.0,0.0,0.0,0.0,0.0,0.0,0.0,0.0,0.0,0.0,0.0,0.0,0.0,0.0,0.0,0.0,0.0,0.0,0.0,0.0,0.0,0.0,0.0,0.0,0.0,0.0,0.0,0.30982578903069063,0.0,0.0,0.0,0.0,0.0,0.0,0.0,0.0,0.0,0.0,0.0,0.0,0.0,ID,manufatura_producao.csv,lote_id
1.0,0.01,0.0,0.0,7.0,0.0,0.0,0.0,0.0,1,0,0,0.0,0.0,0.0,0.0,0.0,0.0,0.0,0.0,0.0,0.0,0.0,0.0,0.0,0.0,0.0,0.0,0.0,0.0,0.0,0.0,0.0,0.0,0.0,0.0,0.0,0.29436371933719424,0.0,0.0,0.0,0.2139449038841173,0.0,0.0,0.0,0.0,0.0,0.0,0.0,0.0,0.0,0.0,0.2779700314944933,0.332695870784571,0.0,0.0,0.0,0.0,0.0,0.0,0.0,0.0,0.25650013126480536,0.307553089858246,0.0,0.0,0.0,0.0,0.0,0.0,0.0,0.0,0.0,0.0,0.0,0.0,0.0,0.0,0.0,0.0,0.0,0.0,0.0,0.0,0.0,0.0,0.0,0.0,0.0,0.0,0.0,0.0,0.0,0.0,0.0,0.0,0.0,0.0,0.24595746768930526,0.0,0.0,0.0,0.0,0.0,0.0,0.0,0.25650013126480536,0.0,0.0,0.0,0.0,0.0,0.0,0.0,0.0,0.0,0.0,0.19459182473884068,0.0,0.32339658246427283,0.0,0.0,0.0,0.0,0.0,0.0,0.0,0.0,0.28306552179561634,0.32339658246427283,0.0,0.0,0.0,0.0,0.0,0.25650013126480536,0.0,0.0,0.0,0.0,0.0,0.0,0.0,0.0,0.0,0.0,0.0,0.0,0.0,0.0,0.0,0.0,0.0,0.0,0.0,0.0,0.0,0.0,0.0,0.0,0.0,0.0,CATEGORICO_NOMINAL,manufatura_producao.csv,linha_producao
1.0,0.06666666666666667,1.0,0.0,1.55,2.38723256705433,0.5666188144400633,0.0,2.995732273553991,0,1,0,0.0,0.0,0.0,0.0,0.0,0.0,0.0,0.0,0.0,0.0,0.0,0.0,0.0,0.0,0.0,0.0,0.0,0.0,0.0,0.37923105398519263,0.0,0.0,0.0,0.0,0.0,0.0,0.0,0.0,0.0,0.0,0.0,0.0,0.0,0.0,0.0,0.0,0.0,0.0,0.0,0.0,0.0,0.0,0.0,0.0,0.0,0.0,0.0,0.0,0.0,0.0,0.0,0.0,0.0,0.0,0.0,0.0,0.3885098164518607,0.0,0.0,0.0,0.0,0.0,0.2918134584103546,0.0,0.0,0.0,0.0,0.0,0.0,0.37923105398519263,0.0,0.0,0.0,0.0,0.0,0.0,0.0,0.0,0.0,0.0,0.0,0.0,0.0,0.0,0.0,0.0,0.0,0.0,0.0,0.0,0.3707602075274269,0.0,0.0,0.0,0.0,0.0,0.0,0.0,0.0,0.0,0.0,0.0,0.0,0.0,0.0,0.0,0.0,0.0,0.0,0.0,0.0,0.0,0.362967784165972,0.0,0.0,0.0,0.0,0.0,0.0,0.0,0.0,0.0,0.0,0.0,0.0,0.0,0.34275340257040027,0.0,0.0,0.0,0.0,0.0,0.0,0.0,0.0,0.0,0.0,0.0,0.0,0.2993058713021956,0.0,0.0,0.0,0.0,0.0,0.0,0.0,0.0,0.0,0.0,NUMERICO_INTEIRO,manufatura_producao.csv,qtd_defeitos
1.0,0.51,1.0,0.0,4.036666666666667,4.509708661398389,0.05590861877525084,4.37449836825309,4.674696248636701,0,0,1,0.0,0.0,0.0,0.0,0.0,0.0,0.0,0.0,0.0,0.0,0.0,0.0,0.0,0.21734472460712206,0.0,0.0,0.0,0.0,0.0,0.0,0.0,0.0,0.0,0.0,0.26303041634953095,0.0,0.0,0.0,0.1975646745893298,0.1786033993357363,0.0,0.0,0.0,0.0,0.0,0.0,0.0,0.0,0.0,0.0,0.0,0.0,0.0,0.0,0.0,0.0,0.16844324772871144,0.0,0.0,0.0,0.0,0.0,0.0,0.0,0.0,0.0,0.0,0.0,0.0,0.0,0.0,0.0,0.0,0.0,0.0,0.0,0.0,0.0,0.0,0.0,0.0,0.2567484727499964,0.0,0.0,0.2280564319090888,0.0,0.0,0.0,0.0,0.0,0.0,0.0,0.0,0.0,0.0,0.0,0.20532781582455167,0.0,0.0,0.0,0.0,0.0,0.0,0.0,0.0,0.0,0.0,0.24573785100864226,0.0,0.2408533559599357,0.0,0.0,0.0,0.0,0.0,0.0,0.0,0.0,0.0,0.0,0.0,0.0,0.0,0.0,0.2567484727499964,0.0,0.0,0.0,0.26303041634953095,0.0,0.3727330811419164,0.0,0.0,0.0,0.0,0.0,0.0,0.0,0.0,0.0,0.0,0.0,0.0,0.0,0.0,0.0,0.1951676642175268,0.0,0.0,0.0,0.0,0.0,0.24573785100864226,0.0,0.24573785100864226,0.2699747828205541,0.0,0.0,0.0,0.0,NUMERICO_CONTINUO,manufatura_producao.csv,temperatura_maquina
1.0,0.8366666666666667,1.0,0.0,4.88,3.431695332840762,0.06712583391664767,3.2315945972759756,3.6189933266497696,0,0,1,0.0,0.0,0.0,0.0,0.0,0.0,0.0,0.0,0.0,0.29897784038152625,0.37620251217252293,0.0,0.0,0.0,0.0,0.0,0.0,0.0,0.0,0.0,0.0,0.0,0.0,0.0,0.0,0.0,0.0,0.0,0.0,0.0,0.0,0.0,0.0,0.0,0.0,0.0,0.0,0.0,0.0,0.0,0.3143201744893833,0.0,0.3656871558524618,0.29439851141187373,0.0,0.0,0.0,0.0,0.0,0.0,0.0,0.0,0.0,0.0,0.0,0.0,0.0,0.0,0.0,0.0,0.0,0.0,0.0,0.0,0.0,0.0,0.0,0.0,0.0,0.0,0.0,0.0,0.0,0.0,0.0,0.29439851141187373,0.0,0.0,0.0,0.0,0.0,0.0,0.0,0.0,0.0,0.0,0.0,0.0,0.0,0.0,0.0,0.0,0.0,0.0,0.0,0.0,0.0,0.0,0.0,0.0,0.0,0.0,0.0,0.0,0.0,0.0,0.26122630482318276,0.0,0.0,0.0,0.0,0.0,0.0,0.0,0.0,0.0,0.320082002093413,0.0,0.0,0.0,0.0,0.2858894719225587,0.0,0.0,0.0,0.0,0.0,0.0,0.3328576650078327,0.0,0.0,0.0,0.0,0.0,0.0,0.0,0.0,0.0,0.0,0.0,0.0,0.0,0.0,0.0,0.0,0.0,0.0,0.0,0.0,0.0,NUMERICO_CONTINUO,manufatura_producao.csv,pressao_bar
1.0,0.01,0.0,0.0,5.0,0.0,0.0,0.0,0.0,1,0,0,0.0,0.0,0.0,0.0,0.0,0.0,0.0,0.0,0.0,0.0,0.0,0.0,0.0,0.43260725096274033,0.0,0.0,0.0,0.0,0.0,0.0,0.0,0.0,0.0,0.0,0.0,0.0,0.0,0.0,0.0,0.0,0.0,0.0,0.0,0.0,0.0,0.0,0.0,0.0,0.0,0.0,0.0,0.0,0.0,0.0,0.0,0.0,0.0,0.0,0.0,0.0,0.0,0.0,0.0,0.0,0.0,0.0,0.0,0.0,0.0,0.0,0.0,0.0,0.0,0.0,0.0,0.0,0.0,0.0,0.0,0.0,0.0,0.0,0.0,0.0,0.0,0.0,0.0,0.0,0.0,0.0,0.0,0.0,0.0,0.0,0.0,0.0,0.0,0.0,0.0,0.0,0.0,0.0,0.0,0.0,0.0,0.0,0.0,0.0,0.0,0.0,0.0,0.0,0.47939929710888335,0.0,0.0,0.3233382294678704,0.0,0.0,0.0,0.0,0.0,0.0,0.0,0.0,0.0,0.0,0.0,0.0,0.0,0.0,0.0,0.0,0.0,0.0,0.0,0.0,0.0,0.0,0.0,0.0,0.0,0.0,0.0,0.0,0.0,0.0,0.0,0.0,0.0,0.0,0.0,0.0,0.4891214929394087,0.0,0.4891214929394087,0.0,0.0,0.0,0.0,0.0,CATEGORICO_NOMINAL,manufatura_producao.csv,turno
1.0,0.9766666666666667,0.0,0.06,7.0,0.0,0.0,0.0,0.0,1,0,0,0.39491883297574565,0.0,0.0,0.0,0.0,0.0,0.0,0.0,0.0,0.0,0.0,0.0,0.0,0.0,0.0,0.0,0.0,0.0,0.0,0.0,0.3038850042236606,0.3246471781014051,0.3246471781014051,0.0,0.0,0.0,0.0,0.0,0.0,0.0,0.0,0.0,0.31582591527953663,0.0,0.0,0.0,0.0,0.0,0.0,0.0,0.0,0.0,0.0,0.0,0.0,0.0,0.0,0.0,0.0,0.0,0.0,0.0,0.0,0.0,0.0,0.32014063316327185,0.4045814331407068,0.0,0.0,0.0,0.0,0.0,0.0,0.0,0.0,0.0,0.0,0.0,0.0,0.0,0.0,0.0,0.0,0.0,0.0,0.0,0.0,0.0,0.0,0.0,0.0,0.2692382667117433,0.32014063316327185,0.0,0.0,0.0,0.0,0.0,0.0,0.0,0.0,0.0,0.0,0.0,0.0,0.0,0.0,0.0,0.0,0.0,0.0,0.0,0.0,0.0,0.0,0.0,0.0,0.0,0.0,0.0,0.0,0.0,0.0,0.0,0.0,0.0,0.0,0.0,0.0,0.0,0.0,0.0,0.0,0.0,0.0,0.0,0.0,0.0,0.0,0.0,0.0,0.0,0.0,0.0,0.0,0.0,0.0,0.0,0.0,0.0,0.0,0.0,0.0,0.0,0.0,0.0,0.0,0.0,0.0,0.0,ID,marketing_ads.csv,ad_id
1.0,1.0,1.0,0.0,5.8533333333333335,6.2371357024051735,0.537788794283116,4.099995233730915,6.90654454634108,0,0,1,0.0,0.0,0.0,0.0,0.0,0.0,0.0,0.0,0.0,0.0,0.0,0.0,0.0,0.0,0.0,0.0,0.0,0.0,0.0,0.2879269729456991,0.0,0.0,0.0,0.0,0.0,0.0,0.0,0.0,0.0,0.0,0.0,0.0,0.0,0.0,0.0,0.0,0.0,0.0,0.0,0.0,0.0,0.0,0.0,0.2437381923700114,0.3114652986600994,0.0,0.0,0.0,0.0,0.0,0.24013189524218254,0.0,0.0,0.0,0.0,0.0,0.0,0.0,0.0,0.0,0.0,0.0,0.0,0.0,0.3027594328278074,0.0,0.0,0.0,0.0,0.0,0.0,0.0,0.2188680391090502,0.26500204850314374,0.0,0.0,0.0,0.0,0.26023172056154265,0.0,0.0,0.0,0.0,0.0,0.0,0.0,0.0,0.2755792656573867,0.0,0.0,0.0,0.0,0.0,0.0,0.0,0.0,0.0,0.0,0.23669339484714236,0.0,0.0,0.0,0.0,0.22434568755882994,0.0,0.18217419009790575,0.21627428424059675,0.0,0.0,0.0,0.0,0.22434568755882994,0.0,0.0,0.0,0.0,0.0,0.0,0.0,0.0,0.0,0.0,0.24752950693874975,0.0,0.0,0.0,0.0,0.0,0.0,0.0,0.0,0.0,0.0,0.0,0.0,0.0,0.0,0.0,0.0,0.22724466417848013,0.0,0.0,0.0,0.0,0.0,0.0,0.0,0.0,0.0,0.0,NUMERICO_CONTINUO,marketing_ads.csv,orcamento_diario
1.0,0.9566666666666667,1.0,0.12333333333333334,3.796666666666667,7.837827935663404,0.5903840559610501,3.6635616461296463,8.516793111394898,0,1,0,0.0,0.38708690950820224,0.0,0.0,0.0,0.0,0.0,0.0,0.0,0.0,0.0,0.0,0.0,0.0,0.0,0.0,0.0,0.0,0.0,0.0,0.0,0.0,0.0,0.0,0.0,0.0,0.0,0.0,0.0,0.0,0.0,0.0,0.0,0.0,0.0,0.0,0.0,0.0,0.0,0.0,0.0,0.0,0.0,0.0,0.0,0.0,0.0,0.0,0.0,0.0,0.0,0.0,0.0,0.0,0.0,0.0,0.0,0.0,0.0,0.0,0.0,0.0,0.0,0.0,0.0,0.0,0.0,0.0,0.0,0.0,0.0,0.0,0.0,0.0,0.0,0.4310719098032167,0.0,0.0,0.0,0.0,0.0,0.0,0.0,0.0,0.0,0.0,0.0,0.0,0.0,0.0,0.0,0.0,0.0,0.0,0.4246938638552469,0.0,0.0,0.0,0.0,0.0,0.0,0.0,0.0,0.0,0.0,0.0,0.0,0.0,0.0,0.0,0.0,0.0,0.0,0.0,0.0,0.0,0.0,0.0,0.5216828893228729,0.0,0.0,0.0,0.0,0.0,0.0,0.0,0.46024212981585744,0.0,0.0,0.0,0.0,0.0,0.0,0.0,0.0,0.0,0.0,0.0,0.0,0.0,0.0,0.0,0.0,0.0,0.0,0.0,0.0,0.0,0.0,0.0,NUMERICO_INTEIRO,marketing_ads.csv,cliques
1.0,1.0,1.0,0.0033333333333333335,4.89,10.85602573564399,0.5887679717844136,7.166265974133638,11.511584566367388,0,1,0,0.0,0.0,0.0,0.0,0.0,0.0,0.0,0.0,0.0,0.0,0.0,0.0,0.0,0.0,0.0,0.0,0.0,0.0,0.0,0.0,0.0,0.0,0.0,0.0,0.0,0.0,0.0,0.0,0.0,0.0,0.0,0.0,0.0,0.0,0.0,0.0,0.0,0.0,0.0,0.0,0.0,0.0,0.0,0.0,0.0,0.0,0.0,0.0,0.0,0.0,0.0,0.0,0.0,0.0,0.0,0.0,0.0,0.0,0.0,0.0,0.0,0.0,0.0,0.0,0.0,0.0,0.0,0.0,0.0,0.0,0.0,0.0,0.0,0.0,0.0,0.6738945606639429,0.0,0.0,0.0,0.0,0.0,0.0,0.0,0.0,0.0,0.41853911565617774,0.0,0.0,0.0,0.0,0.0,0.0,0.0,0.0,0.0,0.0,0.0,0.0,0.0,0.0,0.0,0.0,0.0,0.0,0.0,0.0,0.0,0.0,0.0,0.0,0.0,0.0,0.0,0.0,0.0,0.0,0.36634274939556655,0.0,0.0,0.0,0.0,0.32720844809259614,0.0,0.0,0.0,0.0,0.3597481775289876,0.0,0.0,0.0,0.0,0.0,0.0,0.0,0.0,0.0,0.0,0.0,0.0,0.0,0.0,0.0,0.0,0.0,0.0,0.0,0.0,0.0,0.0,0.0,NUMERICO_INTEIRO,marketing_ads.csv,impressoes
1.0,0.013333333333333334,0.0,0.0,7.86,0.0,0.0,0.0,0.0,1,0,0,0.0,0.36062043063441057,0.0,0.0,0.0,0.0,0.0,0.0,0.0,0.0,0.0,0.0,0.0,0.0,0.0,0.0,0.0,0.0,0.0,0.0,0.0,0.0,0.0,0.0,0.0,0.0,0.0,0.0,0.0,0.0,0.0,0.0,0.0,0.0,0.0,0.0,0.0,0.0,0.38457698174234933,0.4015980234132402,0.0,0.0,0.0,0.0,0.0,0.0,0.0,0.0,0.0,0.0,0.39565606665917386,0.0,0.0,0.0,0.0,0.0,0.0,0.0,0.0,0.0,0.0,0.0,0.0,0.0,0.0,0.0,0.0,0.0,0.0,0.0,0.0,0.0,0.0,0.0,0.0,0.0,0.0,0.0,0.0,0.0,0.0,0.0,0.0,0.0,0.0,0.0,0.0,0.0,0.0,0.0,0.0,0.4540613323892665,0.0,0.0,0.0,0.0,0.0,0.0,0.0,0.44503602220297994,0.0,0.0,0.0,0.0,0.0,0.0,0.0,0.0,0.0,0.0,0.0,0.0,0.0,0.0,0.0,0.0,0.0,0.0,0.0,0.0,0.0,0.0,0.0,0.0,0.0,0.0,0.0,0.0,0.0,0.0,0.0,0.0,0.0,0.0,0.0,0.0,0.0,0.0,0.0,0.0,0.0,0.0,0.0,0.0,0.0,0.0,0.0,0.0,0.0,0.0,CATEGORICO_NOMINAL,marketing_ads.csv,canal
1.0,1.0,0.0,1.0,19.0,0.0,0.0,0.0,0.0,1,0,0,0.0,0.0,0.0,0.21884437433836745,0.2602035834063119,0.2602035834063119,0.0,0.0,0.0,0.0,0.0,0.0,0.0,0.0,0.0,0.0,0.0,0.0,0.0,0.0,0.22153217734714423,0.0,0.0,0.0,0.0,0.0,0.0,0.0,0.0,0.20027062033580814,0.0,0.0,0.0,0.0,0.0,0.0,0.0,0.0,0.0,0.0,0.0,0.0,0.0,0.0,0.0,0.0,0.1888778928031156,0.2475027431908642,0.2602035834063119,0.0,0.0,0.0,0.0,0.27554946907240674,0.0,0.0,0.0,0.20027062033580814,0.0,0.0,0.23666780273723914,0.25572303360334536,0.0,0.0,0.0,0.0,0.0,0.0,0.0,0.0,0.0,0.0,0.0,0.0,0.0,0.0,0.0,0.0,0.0,0.0,0.25572303360334536,0.0,0.0,0.0,0.0,0.0,0.23023710187106,0.27554946907240674,0.0,0.0,0.0,0.0,0.0,0.0,0.0,0.0,0.0,0.0,0.0,0.0,0.0,0.0,0.0,0.0,0.0,0.18215449279330828,0.0,0.0,0.0,0.0,0.0,0.0,0.0,0.0,0.0,0.0,0.0,0.0,0.0,0.0,0.0,0.0,0.0,0.0,0.0,0.0,0.0,0.0,0.0,0.0,0.0,0.0,0.0,0.0,0.19627470464427624,0.24371183855219247,0.0,0.0,0.0,0.0,0.0,0.0,0.0,0.0,0.0,0.0,0.0,0.0,0.0,0.0,DATA_HORA,marketing_ads.csv,data_inicio
1.0,0.013333333333333334,0.0,0.0,5.536666666666667,0.0,0.0,0.0,0.0,1,0,0,0.0,0.0,0.0,0.0,0.0,0.0,0.275486939279538,0.0,0.0,0.0,0.0,0.0,0.0,0.0,0.0,0.0,0.0,0.0,0.0,0.0,0.2069208887235578,0.22105823479494854,0.22105823479494854,0.0,0.0,0.0,0.0,0.0,0.0,0.0,0.24749691514197972,0.29089096113623253,0.0,0.0,0.0,0.0,0.0,0.0,0.0,0.0,0.24304169882787696,0.0,0.28276017516947166,0.0,0.0,0.0,0.0,0.0,0.0,0.0,0.22426959955719802,0.26890749710330414,0.0,0.0,0.0,0.2179896454578292,0.0,0.0,0.0,0.0,0.0,0.0,0.0,0.0,0.0,0.0,0.0,0.0,0.0,0.0,0.0,0.0,0.0,0.0,0.0,0.22763767697118237,0.0,0.0,0.0,0.0,0.0,0.1833292878953009,0.2179896454578292,0.0,0.0,0.0,0.0,0.0,0.0,0.0,0.0,0.0,0.0,0.0,0.0,0.0,0.0,0.0,0.0,0.0,0.0,0.0,0.0,0.0,0.0,0.0,0.2019879411364338,0.0,0.0,0.0,0.0,0.0,0.0,0.0,0.0,0.0,0.0,0.0,0.0,0.0,0.0,0.0,0.0,0.0,0.0,0.0,0.0,0.0,0.0,0.0,0.22105823479494854,0.26890749710330414,0.0,0.0,0.1833292878953009,0.0,0.0,0.0,0.0,0.0,0.0,0.0,0.0,0.0,0.0,0.0,0.0,0.0,0.0,0.0,CATEGORICO_NOMINAL,metro_fluxo.csv,estacao_id
1.0,0.006666666666666667,0.0,0.0,4.523333333333333,0.3897872953889346,1.0495589603604973,0.0,0.693359375,0,0,0,0.0,0.0,0.0,0.0,0.0,0.0,0.0,0.0,0.0,0.0,0.0,0.0,0.0,0.0,0.0,0.0,0.0,0.0,0.0,0.0,0.0,0.0,0.0,0.0,0.0,0.3405962651367385,0.0,0.0,0.0,0.0,0.0,0.0,0.0,0.0,0.0,0.0,0.0,0.0,0.0,0.0,0.0,0.0,0.0,0.30124297557137564,0.38494883564722626,0.0,0.0,0.0,0.0,0.0,0.0,0.0,0.0,0.0,0.2642025424159271,0.0,0.0,0.0,0.0,0.0,0.0,0.0,0.0,0.0,0.0,0.0,0.0,0.0,0.0,0.0,0.0,0.0,0.0,0.0,0.0,0.0,0.0,0.0,0.0,0.0,0.31608955897443264,0.0,0.0,0.0,0.0,0.0,0.0,0.3405962651367385,0.0,0.0,0.0,0.0,0.0,0.0,0.0,0.0,0.0,0.0,0.0,0.0,0.0,0.0,0.0,0.0,0.0,0.2251542713260502,0.26729954912155485,0.0,0.0,0.0,0.0,0.2772752264209504,0.0,0.0,0.0,0.0,0.0,0.0,0.0,0.0,0.25830675821565013,0.0,0.30592876925396784,0.0,0.0,0.0,0.0,0.0,0.0,0.0,0.0,0.0,0.0,0.0,0.0,0.0,0.0,0.0,0.0,0.0,0.0,0.0,0.0,0.0,0.0,0.0,0.0,0.0,0.0,0.0,BOOLEANO,metro_fluxo.csv,horario_pico
1.0,0.96,1.0,0.12333333333333334,3.816666666666667,7.818942342602804,0.5598997313694816,4.31748811353631,8.516593011344206,0,1,0,0.0,0.0,0.0,0.0,0.0,0.0,0.0,0.0,0.0,0.0,0.0,0.0,0.0,0.0,0.0,0.0,0.0,0.0,0.0,0.0,0.0,0.0,0.0,0.0,0.0,0.29177559450185075,0.0,0.0,0.0,0.0,0.0,0.0,0.0,0.0,0.0,0.0,0.0,0.31230783449699284,0.0,0.0,0.0,0.0,0.0,0.0,0.0,0.3402206890317662,0.0,0.0,0.0,0.0,0.0,0.0,0.0,0.0,0.0,0.0,0.31230783449699284,0.0,0.0,0.0,0.0,0.0,0.0,0.0,0.0,0.0,0.0,0.0,0.0,0.304849000536909,0.0,0.0,0.0,0.0,0.0,0.0,0.0,0.32055319290313533,0.0,0.0,0.0,0.0,0.0,0.0,0.0,0.0,0.0,0.0,0.0,0.0,0.0,0.0,0.0,0.0,0.0,0.0,0.0,0.0,0.0,0.0,0.0,0.0,0.0,0.0,0.0,0.0,0.0,0.0,0.0,0.0,0.0,0.0,0.29177559450185075,0.31230783449699284,0.0,0.0,0.0,0.0,0.0,0.0,0.0,0.0,0.0,0.2542449132593729,0.0,0.0,0.2755260443631579,0.0,0.29177559450185075,0.0,0.0,0.0,0.0,0.0,0.0,0.0,0.0,0.0,0.0,0.0,0.0,0.0,0.0,0.0,0.0,0.0,0.0,0.0,0.0,0.0,NUMERICO_INTEIRO,metro_fluxo.csv,qtd_passageiros
1.0,0.013333333333333334,0.0,0.0,6.09,0.0,0.0,0.0,0.0,1,0,0,0.0,0.0,0.0,0.0,0.0,0.0,0.0,0.0,0.0,0.0,0.0,0.0,0.0,0.0,0.0,0.0,0.0,0.41469457260920384,0.44857977965515855,0.0,0.0,0.0,0.0,0.0,0.0,0.0,0.0,0.0,0.0,0.319177538676139,0.0,0.0,0.0,0.0,0.0,0.0,0.0,0.0,0.0,0.0,0.0,0.0,0.0,0.0,0.0,0.0,0.0,0.0,0.0,0.0,0.0,0.0,0.0,0.0,0.34065264711182186,0.0,0.0,0.0,0.0,0.0,0.0,0.0,0.0,0.0,0.0,0.0,0.0,0.0,0.0,0.0,0.0,0.0,0.0,0.0,0.0,0.0,0.0,0.0,0.0,0.0,0.0,0.0,0.0,0.0,0.0,0.0,0.3669360556426714,0.0,0.0,0.0,0.0,0.0,0.0,0.0,0.3826643172185645,0.0,0.0,0.0,0.0,0.0,0.0,0.0,0.0,0.0,0.0,0.0,0.0,0.0,0.0,0.0,0.0,0.35750806557390824,0.0,0.0,0.0,0.0,0.0,0.0,0.0,0.0,0.0,0.0,0.0,0.0,0.0,0.0,0.0,0.0,0.0,0.0,0.0,0.0,0.0,0.0,0.0,0.0,0.0,0.0,0.0,0.0,0.0,0.0,0.0,0.0,0.0,0.0,0.0,0.0,0.0,0.0,CATEGORICO_NOMINAL,metro_fluxo.csv,linha_cor
1.0,0.7933333333333333,1.0,0.0,2.9166666666666665,5.784962996312293,0.4778523938985447,4.127134385045092,6.395261598115449,0,1,0,0.0,0.0,0.0,0.0,0.0,0.0,0.0,0.0,0.0,0.0,0.0,0.0,0.0,0.2742134454945301,0.0,0.0,0.0,0.0,0.0,0.0,0.0,0.0,0.0,0.0,0.0,0.0,0.33185289805144036,0.0,0.0,0.22533536803074933,0.0,0.0,0.0,0.0,0.0,0.0,0.0,0.0,0.0,0.0,0.0,0.0,0.0,0.0,0.0,0.0,0.0,0.0,0.0,0.0,0.0,0.0,0.0,0.0,0.0,0.0,0.0,0.0,0.0,0.0,0.0,0.0,0.0,0.0,0.0,0.0,0.0,0.0,0.0,0.0,0.0,0.323927270217848,0.0,0.0,0.2877278943577852,0.2742134454945301,0.0,0.0,0.0,0.0,0.0,0.0,0.0,0.0,0.0,0.0,0.0,0.0,0.0,0.0,0.0,0.0,0.0,0.0,0.0,0.0,0.0,0.0,0.0,0.0,0.0,0.0,0.0,0.0,0.0,0.0,0.24331564978314035,0.0,0.0,0.0,0.0,0.0,0.0,0.0,0.323927270217848,0.323927270217848,0.0,0.0,0.0,0.0,0.23512975208961645,0.0,0.0,0.0,0.0,0.0,0.0,0.0,0.0,0.34061427314456993,0.0,0.0,0.0,0.0,0.0,0.0,0.24623370891999943,0.0,0.0,0.0,0.0,0.0,0.0,0.0,0.0,0.0,0.0,0.0,0.0,0.0,NUMERICO_INTEIRO,metro_fluxo.csv,tempo_espera_seg
1.0,1.0,0.0,1.0,19.0,0.0,0.0,0.0,0.0,1,0,0,0.0,0.0,0.0,0.2096338299612286,0.249252346211844,0.249252346211844,0.0,0.0,0.0,0.0,0.0,0.0,0.0,0.0,0.0,0.0,0.0,0.0,0.0,0.0,0.0,0.0,0.0,0.0,0.0,0.0,0.0,0.0,0.0,0.19184179303962168,0.0,0.0,0.0,0.0,0.0,0.0,0.0,0.0,0.0,0.0,0.0,0.0,0.0,0.0,0.0,0.0,0.18092855337511746,0.2370860486492975,0.249252346211844,0.0,0.0,0.0,0.0,0.0,0.0,0.0,0.0,0.19184179303962168,0.0,0.0,0.22670712037406854,0.2449603701518351,0.0,0.0,0.0,0.0,0.0,0.0,0.0,0.0,0.0,0.0,0.0,0.0,0.0,0.0,0.0,0.0,0.0,0.0,0.0,0.0,0.0,0.0,0.0,0.0,0.0,0.0,0.0,0.2696190640710564,0.0,0.0,0.0,0.0,0.0,0.0,0.0,0.0,0.0,0.0,0.0,0.0,0.0,0.0,0.0,0.17448812236710792,0.0,0.0,0.0,0.0,0.0,0.0,0.0,0.0,0.0,0.0,0.0,0.0,0.0,0.0,0.0,0.22670712037406854,0.0,0.230000547820441,0.29832434065716756,0.0,0.0,0.0,0.0,0.0,0.22670712037406854,0.0,0.0,0.0,0.1880140542039739,0.23345469252773776,0.0,0.0,0.0,0.0,0.24091378748494524,0.0,0.0,0.0,0.0,0.0,0.0,0.0,0.0,0.0,DATA_HORA,metro_fluxo.csv,data_registro
1.0,1.0,0.0,0.0,11.633333333333333,0.0,0.0,0.0,0.0,1,0,0,0.0,0.0,0.0,0.0,0.0,0.0,0.0,0.0,0.0,0.35650574926521966,0.0,0.0,0.0,0.0,0.0,0.0,0.0,0.0,0.0,0.0,0.0,0.0,0.0,0.0,0.0,0.0,0.0,0.37480018309221874,0.0,0.0,0.0,0.0,0.0,0.0,0.0,0.0,0.0,0.42483473321427706,0.0,0.0,0.0,0.0,0.0,0.0,0.0,0.0,0.0,0.0,0.0,0.0,0.0,0.0,0.0,0.0,0.0,0.0,0.0,0.0,0.0,0.0,0.0,0.0,0.0,0.0,0.0,0.0,0.0,0.0,0.0,0.0,0.0,0.0,0.0,0.0,0.3683463485042324,0.0,0.0,0.0,0.0,0.0,0.0,0.0,0.0,0.0,0.0,0.0,0.0,0.0,0.0,0.0,0.0,0.0,0.41468842439488585,0.0,0.0,0.0,0.0,0.0,0.0,0.0,0.0,0.0,0.0,0.0,0.0,0.0,0.0,0.0,0.0,0.0,0.0,0.0,0.0,0.0,0.0,0.0,0.0,0.0,0.0,0.4054255701693481,0.0,0.0,0.0,0.0,0.0,0.0,0.0,0.0,0.0,0.0,0.0,0.0,0.0,0.0,0.28271630341913817,0.0,0.0,0.0,0.0,0.0,0.0,0.0,0.0,0.0,0.0,0.0,0.0,0.0,0.0,0.0,ID,player_stats.csv,player_tag
1.0,0.01,0.0,0.0,7.173333333333333,0.0,0.0,0.0,0.0,1,0,0,0.0,0.0,0.0,0.0,0.0,0.0,0.0,0.0,0.0,0.0,0.0,0.0,0.0,0.0,0.0,0.0,0.0,0.0,0.0,0.0,0.0,0.0,0.0,0.0,0.4338282098077945,0.0,0.0,0.0,0.0,0.0,0.0,0.0,0.0,0.0,0.0,0.0,0.0,0.0,0.0,0.0,0.0,0.0,0.0,0.0,0.0,0.0,0.0,0.0,0.0,0.0,0.0,0.0,0.0,0.0,0.0,0.0,0.0,0.0,0.0,0.0,0.0,0.0,0.3258525393673592,0.4053067833927865,0.0,0.0,0.0,0.29160031029666966,0.36993035334950386,0.0,0.0,0.0,0.0,0.0,0.0,0.0,0.0,0.0,0.0,0.0,0.0,0.0,0.0,0.0,0.0,0.0,0.0,0.0,0.0,0.0,0.0,0.0,0.0,0.0,0.0,0.0,0.0,0.0,0.3481155894909853,0.0,0.0,0.0,0.0,0.0,0.0,0.0,0.0,0.44528187405006914,0.0,0.0,0.0,0.0,0.0,0.0,0.0,0.0,0.0,0.0,0.0,0.0,0.0,0.0,0.0,0.0,0.0,0.0,0.0,0.0,0.0,0.0,0.0,0.0,0.0,0.0,0.0,0.0,0.0,0.0,0.0,0.0,0.0,0.0,0.0,0.0,0.0,0.0,0.0,0.0,0.0,0.0,CATEGORICO_NOMINAL,player_stats.csv,game_mode
1.0,0.16666666666666666,1.0,0.0,1.7966666666666666,3.2026109324021657,0.6090416403710007,0.0,3.912023005428146,0,1,0,0.0,0.0,0.0,0.0,0.0,0.0,0.0,0.0,0.0,0.0,0.0,0.0,0.0,0.0,0.0,0.0,0.0,0.0,0.0,0.0,0.0,0.0,0.0,0.0,0.0,0.0,0.0,0.0,0.0,0.0,0.0,0.0,0.0,0.0,0.0,0.0,0.0,0.0,0.0,0.0,0.0,0.0,0.0,0.0,0.0,0.0,0.0,0.0,0.0,0.0,0.0,0.0,0.0,0.0,0.0,0.0,0.0,0.0,0.0,0.0,0.0,0.0,0.0,0.0,0.0,0.0,0.0,0.0,0.0,0.0,0.0,0.0,0.0,0.0,0.0,0.0,0.0,0.0,0.0,0.0,0.0,0.0,0.0,0.0,0.0,0.0,0.0,0.0,0.0,0.0,0.0,0.0,0.0,0.0,0.0,0.0,0.0,0.0,0.0,0.0,0.0,0.0,0.0,0.0,0.0,0.0,0.0,0.0,0.0,0.0,0.0,0.0,0.0,0.0,0.0,0.0,0.0,0.0,0.0,0.0,0.0,0.0,0.0,0.0,0.0,0.0,1.0,0.0,0.0,0.0,0.0,0.0,0.0,0.0,0.0,0.0,0.0,0.0,0.0,0.0,0.0,0.0,0.0,0.0,0.0,0.0,0.0,0.0,0.0,0.0,NUMERICO_INTEIRO,player_stats.csv,kills
1.0,0.16666666666666666,1.0,0.0,1.79,3.2168738221975275,0.5968806356453485,0.0,3.912023005428146,0,1,0,0.0,0.0,0.0,0.4889231192629807,0.0,0.0,0.0,0.0,0.0,0.0,0.0,0.0,0.0,0.0,0.0,0.0,0.0,0.0,0.0,0.0,0.0,0.0,0.0,0.0,0.0,0.0,0.0,0.0,0.0,0.0,0.0,0.0,0.0,0.0,0.0,0.0,0.0,0.0,0.0,0.0,0.0,0.0,0.0,0.0,0.0,0.0,0.4219746054167959,0.0,0.0,0.0,0.0,0.0,0.0,0.0,0.0,0.0,0.0,0.0,0.0,0.0,0.0,0.0,0.4949279756134744,0.0,0.0,0.0,0.0,0.0,0.0,0.0,0.0,0.0,0.0,0.0,0.0,0.0,0.0,0.0,0.0,0.0,0.0,0.0,0.0,0.0,0.0,0.0,0.0,0.0,0.0,0.0,0.0,0.0,0.0,0.0,0.0,0.0,0.0,0.0,0.0,0.0,0.0,0.0,0.0,0.0,0.0,0.0,0.0,0.0,0.0,0.0,0.0,0.0,0.0,0.0,0.0,0.0,0.0,0.0,0.0,0.0,0.0,0.0,0.0,0.0,0.0,0.0,0.5813242767927768,0.0,0.0,0.0,0.0,0.0,0.0,0.0,0.0,0.0,0.0,0.0,0.0,0.0,0.0,0.0,0.0,0.0,0.0,0.0,0.0,0.0,0.0,0.0,NUMERICO_INTEIRO,player_stats.csv,deaths
1.0,0.9666666666666667,1.0,0.18333333333333332,3.81,7.599770152057186,0.4742670447594288,5.707110264748875,8.185350223178686,0,1,0,0.0,0.0,0.0,0.0,0.0,0.0,0.0,0.0,0.3058331291959845,0.0,0.0,0.0,0.0,0.0,0.0,0.0,0.0,0.0,0.0,0.29085008613420466,0.0,0.0,0.0,0.0,0.0,0.0,0.29796640436365696,0.0,0.0,0.0,0.0,0.0,0.0,0.0,0.0,0.0,0.0,0.0,0.0,0.0,0.0,0.0,0.0,0.0,0.0,0.0,0.38163212879809877,0.0,0.0,0.0,0.0,0.0,0.0,0.0,0.0,0.0,0.0,0.0,0.0,0.0,0.0,0.0,0.0,0.0,0.0,0.0,0.0,0.0,0.0,0.0,0.0,0.0,0.0,0.0,0.0,0.0,0.0,0.0,0.0,0.0,0.0,0.0,0.0,0.0,0.0,0.0,0.0,0.2783770215525029,0.0,0.0,0.0,0.0,0.0,0.0,0.0,0.0,0.0,0.2783770215525029,0.0,0.0,0.0,0.0,0.0,0.0,0.0,0.0,0.0,0.0,0.0,0.0,0.2728437625211172,0.0,0.0,0.0,0.0,0.0,0.0,0.0,0.0,0.0,0.21111994862916936,0.0,0.0,0.0,0.0,0.0,0.0,0.0,0.0,0.3058331291959845,0.0,0.0,0.0,0.0,0.0,0.0,0.0,0.0,0.22109004715892705,0.0,0.0,0.0,0.0,0.0,0.2783770215525029,0.3058331291959845,0.0,0.0,0.0,0.0,NUMERICO_INTEIRO,player_stats.csv,match_duration_sec
1.0,0.006666666666666667,0.0,0.0,4.513333333333334,0.39653647736386305,1.0287479095577026,0.0,0.693359375,0,0,0,0.0,0.0,0.0,0.0,0.0,0.0,0.0,0.0,0.0,0.0,0.0,0.0,0.0,0.0,0.0,0.5112414185867881,0.0,0.0,0.0,0.0,0.0,0.0,0.0,0.0,0.0,0.0,0.0,0.0,0.0,0.0,0.0,0.0,0.0,0.0,0.0,0.0,0.0,0.0,0.0,0.0,0.0,0.0,0.0,0.0,0.0,0.0,0.0,0.0,0.0,0.0,0.0,0.0,0.0,0.0,0.0,0.0,0.0,0.0,0.0,0.0,0.0,0.0,0.0,0.0,0.0,0.0,0.0,0.0,0.0,0.0,0.0,0.0,0.0,0.0,0.0,0.0,0.0,0.0,0.0,0.0,0.431862163380421,0.0,0.0,0.0,0.0,0.0,0.0,0.0,0.0,0.0,0.0,0.0,0.0,0.0,0.0,0.0,0.0,0.0,0.0,0.0,0.0,0.0,0.0,0.0,0.0,0.0,0.0,0.0,0.0,0.0,0.0,0.3788314916900923,0.0,0.0,0.0,0.0,0.0,0.0,0.0,0.0,0.0,0.0,0.0,0.0,0.0,0.0,0.0,0.0,0.0,0.0,0.0,0.0,0.0,0.0,0.0,0.0,0.0,0.0,0.0,0.3837267212313724,0.0,0.0,0.0,0.0,0.0,0.0,0.0,0.0,0.0,0.5112414185867881,BOOLEANO,player_stats.csv,victory
1.0,0.016666666666666666,0.0,0.0,6.136666666666667,0.0,0.0,0.0,0.0,1,0,0,0.0,0.0,0.0,0.0,0.0,0.0,0.0,0.0,0.0,0.0,0.0,0.5045129695260129,0.0,0.0,0.0,0.0,0.0,0.0,0.0,0.0,0.0,0.0,0.0,0.0,0.0,0.0,0.0,0.4215245764782417,0.0,0.0,0.0,0.0,0.0,0.0,0.0,0.0,0.0,0.0,0.0,0.3948082812066091,0.0,0.0,0.0,0.0,0.0,0.0,0.0,0.0,0.0,0.0,0.0,0.0,0.0,0.0,0.0,0.0,0.0,0.0,0.0,0.0,0.0,0.0,0.0,0.0,0.0,0.0,0.0,0.0,0.0,0.0,0.0,0.0,0.0,0.0,0.41426617583148373,0.0,0.0,0.0,0.0,0.0,0.0,0.0,0.0,0.0,0.0,0.0,0.0,0.0,0.0,0.0,0.0,0.0,0.0,0.0,0.0,0.0,0.0,0.0,0.0,0.0,0.0,0.0,0.0,0.0,0.0,0.0,0.0,0.0,0.0,0.0,0.0,0.0,0.0,0.0,0.0,0.0,0.0,0.0,0.0,0.0,0.3385361834304706,0.0,0.0,0.0,0.0,0.0,0.0,0.0,0.0,0.0,0.0,0.0,0.0,0.0,0.0,0.0,0.0,0.0,0.3545234888774726,0.0,0.0,0.0,0.0,0.0,0.0,0.0,0.0,0.0,0.0,0.0,CATEGORICO_ORDINAL,player_stats.csv,rank_tier
1.0,1.0,0.0,0.0,6.0,0.0,0.0,0.0,0.0,1,0,0,0.0,0.0,0.0,0.0,0.0,0.0,0.0,0.0,0.0,0.0,0.0,0.0,1.0,0.0,0.0,0.0,0.0,0.0,0.0,0.0,0.0,0.0,0.0,0.0,0.0,0.0,0.0,0.0,0.0,0.0,0.0,0.0,0.0,0.0,0.0,0.0,0.0,0.0,0.0,0.0,0.0,0.0,0.0,0.0,0.0,0.0,0.0,0.0,0.0,0.0,0.0,0.0,0.0,0.0,0.0,0.0,0.0,0.0,0.0,0.0,0.0,0.0,0.0,0.0,0.0,0.0,0.0,0.0,0.0,0.0,0.0,0.0,0.0,0.0,0.0,0.0,0.0,0.0,0.0,0.0,0.0,0.0,0.0,0.0,0.0,0.0,0.0,0.0,0.0,0.0,0.0,0.0,0.0,0.0,0.0,0.0,0.0,0.0,0.0,0.0,0.0,0.0,0.0,0.0,0.0,0.0,0.0,0.0,0.0,0.0,0.0,0.0,0.0,0.0,0.0,0.0,0.0,0.0,0.0,0.0,0.0,0.0,0.0,0.0,0.0,0.0,0.0,0.0,0.0,0.0,0.0,0.0,0.0,0.0,0.0,0.0,0.0,0.0,0.0,0.0,0.0,0.0,0.0,0.0,0.0,0.0,0.0,0.0,0.0,0.0,ID,produtos_simples.csv,sku
1.0,1.0,0.0,0.0,10.4,0.0,0.0,0.0,0.0,1,0,0,0.0,0.0,0.0,0.0,0.0,0.0,0.0,0.0,0.0,0.0,0.0,0.0,0.0,0.0,0.0,0.0,0.0,0.0,0.0,0.0,0.0,0.0,0.0,0.0,0.0,0.0,0.0,0.0,0.0,0.0,0.0,0.0,0.0,0.0,0.0,0.0,0.0,0.0,0.0,0.0,0.0,0.0,0.0,0.0,0.0,0.0,0.0,0.0,0.0,0.0,0.0,0.0,0.0,0.0,0.0,0.0,0.0,0.0,0.0,0.0,0.0,0.0,0.0,0.0,0.0,0.0,0.0,0.38886984285786225,0.0,0.0,0.0,0.0,0.0,0.0,0.0,0.0,0.0,0.0,0.0,0.0,0.0,0.0,0.0,0.0,0.0,0.0,0.0,0.0,0.0,0.0,0.0,0.0,0.0,0.0,0.0,0.0,0.0,0.0,0.4642370045628776,0.0,0.0,0.0,0.5297619977144974,0.0,0.0,0.0,0.0,0.0,0.0,0.593815185632477,0.0,0.0,0.0,0.0,0.0,0.0,0.0,0.0,0.0,0.0,0.0,0.0,0.0,0.0,0.0,0.0,0.0,0.0,0.0,0.0,0.0,0.0,0.0,0.0,0.0,0.0,0.0,0.0,0.0,0.0,0.0,0.0,0.0,0.0,0.0,0.0,0.0,0.0,0.0,0.0,TEXTO_LIVRE,produtos_simples.csv,nome
1.0,0.8,0.0,0.0,10.8,0.0,0.0,0.0,0.0,1,0,0,0.0,0.27986887590535875,0.0,0.0,0.0,0.0,0.0,0.0,0.0,0.0,0.0,0.0,0.0,0.0,0.0,0.0,0.0,0.0,0.0,0.0,0.0,0.0,0.0,0.0,0.0,0.0,0.0,0.0,0.28330616968545075,0.0,0.0,0.0,0.0,0.0,0.0,0.0,0.0,0.0,0.0,0.0,0.0,0.0,0.0,0.0,0.0,0.0,0.24154627553025151,0.0,0.0,0.3982739708107724,0.3070591935854468,0.0,0.0,0.0,0.0,0.0,0.0,0.0,0.0,0.0,0.0,0.0,0.0,0.0,0.0,0.0,0.0,0.0,0.0,0.0,0.0,0.0,0.0,0.0,0.0,0.0,0.0,0.0,0.33276105275557716,0.3982739708107724,0.0,0.0,0.0,0.0,0.0,0.0,0.0,0.0,0.0,0.0,0.0,0.0,0.0,0.0,0.0,0.0,0.0,0.0,0.0,0.0,0.0,0.0,0.0,0.0,0.0,0.0,0.0,0.0,0.0,0.0,0.0,0.2868732028983957,0.0,0.0,0.0,0.0,0.0,0.0,0.0,0.0,0.0,0.0,0.3165185978837192,0.0,0.0,0.0,0.0,0.0,0.0,0.0,0.0,0.0,0.0,0.0,0.0,0.0,0.27986887590535875,0.0,0.0,0.0,0.0,0.0,0.0,0.0,0.0,0.0,0.0,0.0,0.0,0.0,CATEGORICO_NOMINAL,produtos_simples.csv,categoria
1.0,1.0,0.6,0.2,6.8,7.634159914943397,0.8188166792895688,5.302807271820889,8.160803920954665,1,0,0,0.0,0.0,0.0,0.0,0.0,0.0,0.0,0.0,0.0,0.41060583306362625,0.5166635283541653,0.0,0.0,0.0,0.0,0.0,0.0,0.0,0.0,0.0,0.0,0.0,0.0,0.0,0.0,0.0,0.0,0.0,0.0,0.0,0.0,0.0,0.0,0.0,0.0,0.0,0.0,0.0,0.0,0.0,0.0,0.0,0.0,0.0,0.0,0.0,0.0,0.0,0.0,0.0,0.0,0.0,0.0,0.0,0.3546024955115031,0.0,0.0,0.0,0.0,0.0,0.0,0.0,0.0,0.0,0.0,0.0,0.0,0.0,0.0,0.0,0.0,0.0,0.0,0.0,0.0,0.0,0.0,0.0,0.0,0.0,0.0,0.0,0.0,0.0,0.0,0.0,0.0,0.0,0.0,0.0,0.0,0.0,0.0,0.0,0.0,0.0,0.0,0.0,0.0,0.0,0.0,0.0,0.0,0.0,0.0,0.3021934072140799,0.0,0.0,0.0,0.0,0.0,0.0,0.0,0.0,0.0,0.0,0.4395895593818065,0.0,0.0,0.0,0.0,0.39263072016669687,0.0,0.0,0.0,0.0,0.0,0.0,0.0,0.0,0.0,0.0,0.0,0.0,0.0,0.0,0.0,0.0,0.0,0.0,0.0,0.0,0.0,0.0,0.0,0.0,0.0,0.0,0.0,0.0,NUMERICO,produtos_simples.csv,preco
1.0,1.0,1.0,0.0,1.4,2.3608540011180215,0.9788341634027925,0.0,3.258096538021482,0,1,0,0.0,0.0,0.0,0.0,0.0,0.0,0.4782565430091418,0.0,0.0,0.0,0.0,0.0,0.0,0.0,0.0,0.0,0.0,0.0,0.0,0.0,0.0,0.0,0.0,0.0,0.0,0.0,0.0,0.0,0.0,0.0,0.0,0.0,0.0,0.0,0.0,0.0,0.0,0.0,0.0,0.0,0.0,0.0,0.0,0.0,0.0,0.0,0.0,0.0,0.0,0.0,0.0,0.0,0.0,0.0,0.0,0.0,0.0,0.0,0.0,0.0,0.0,0.0,0.0,0.0,0.0,0.0,0.0,0.32146308882187546,0.0,0.0,0.0,0.0,0.0,0.0,0.0,0.3951882754644832,0.0,0.0,0.0,0.0,0.0,0.0,0.0,0.0,0.0,0.0,0.0,0.0,0.0,0.0,0.0,0.0,0.0,0.0,0.0,0.0,0.0,0.0,0.0,0.0,0.0,0.0,0.0,0.0,0.0,0.0,0.0,0.0,0.0,0.0,0.0,0.0,0.0,0.0,0.0,0.0,0.0,0.0,0.4782565430091418,0.0,0.0,0.0,0.0,0.0,0.0,0.0,0.0,0.0,0.0,0.0,0.38376609596529027,0.0,0.0,0.0,0.0,0.0,0.0,0.0,0.0,0.36844626634823757,0.0,0.0,0.0,0.0,0.0,0.0,0.0,0.0,0.0,0.0,NUMERICO,produtos_simples.csv,estoque
1.0,1.0,0.0,1.0,10.0,0.0,0.0,0.0,0.0,1,0,0,0.0,0.0,0.0,0.18789988077478162,0.22341091676234717,0.22341091676234717,0.0,0.0,0.0,0.0,0.0,0.0,0.0,0.0,0.0,0.0,0.0,0.22341091676234717,0.0,0.0,0.0,0.0,0.0,0.0,0.0,0.0,0.0,0.0,0.0,0.1719524470188427,0.0,0.0,0.19768168189059493,0.0,0.0,0.0,0.0,0.0,0.0,0.0,0.0,0.0,0.0,0.0,0.0,0.27586871583696965,0.16217064590302943,0.21250596949359857,0.22341091676234717,0.0,0.20615506343412343,0.0,0.0,0.0,0.0,0.0,0.0,0.3439048940376854,0.0,0.0,0.20320308462121792,0.21956391463433642,0.0,0.0,0.0,0.0,0.0,0.0,0.0,0.0,0.0,0.0,0.0,0.0,0.0,0.0,0.0,0.0,0.0,0.0,0.0,0.0,0.0,0.0,0.0,0.0,0.0,0.0,0.0,0.0,0.0,0.0,0.0,0.0,0.0,0.0,0.0,0.0,0.0,0.0,0.0,0.0,0.0,0.0,0.0,0.15639793155264517,0.0,0.0,0.0,0.0,0.0,0.0,0.0,0.0,0.0,0.0,0.0,0.0,0.0,0.0,0.0,0.0,0.0,0.20615506343412343,0.26739533429344114,0.0,0.0,0.0,0.0,0.0,0.20320308462121792,0.0,0.0,0.0,0.16852155196250454,0.20925109702183176,0.0,0.0,0.0,0.0,0.21593686454993674,0.0,0.0,0.0,0.0,0.0,0.0,0.0,0.0,0.0,DATA_HORA,produtos_simples.csv,data_cadastro
1.0,1.0,0.0,0.0,4.0,0.0,0.0,0.0,0.0,1,0,0,0.0,0.0,0.0,0.0,0.0,0.0,0.0,0.0,0.0,0.2987580282056362,0.37592592347059633,0.0,0.0,0.0,0.0,0.0,0.0,0.0,0.0,0.0,0.2674092239749249,0.2856792824757182,0.2856792824757182,0.0,0.0,0.0,0.0,0.0,0.0,0.0,0.0,0.0,0.0,0.0,0.0,0.0,0.0,0.0,0.0,0.0,0.0,0.0,0.0,0.0,0.0,0.0,0.0,0.0,0.0,0.0,0.0,0.0,0.0,0.0,0.0,0.2817136649955368,0.0,0.0,0.0,0.0,0.0,0.0,0.0,0.0,0.0,0.0,0.0,0.0,0.0,0.0,0.0,0.0,0.0,0.0,0.0,0.0,0.0,0.0,0.0,0.0,0.0,0.2369211871762885,0.2817136649955368,0.0,0.0,0.0,0.0,0.0,0.0,0.0,0.0,0.0,0.0,0.0,0.0,0.0,0.0,0.0,0.0,0.0,0.0,0.0,0.0,0.0,0.0,0.0,0.0,0.0,0.0,0.0,0.0,0.0,0.0,0.0,0.0,0.0,0.31984667387894195,0.36541829816949645,0.0,0.0,0.0,0.0,0.0,0.28982941233583503,0.0,0.0,0.0,0.0,0.0,0.0,0.0,0.0,0.0,0.0,0.0,0.0,0.0,0.0,0.0,0.0,0.0,0.0,0.0,0.0,0.0,0.0,0.0,0.0,0.0,0.0,ID,rh_docentes.csv,prof_id
1.0,1.0,0.0,0.0,6.633333333333334,0.0,0.0,0.0,0.0,1,0,0,0.0,0.0,0.0,0.0,0.0,0.0,0.0,0.0,0.0,0.33495146101588624,0.4214679620711428,0.0,0.0,0.0,0.0,0.0,0.0,0.0,0.0,0.0,0.0,0.0,0.0,0.0,0.0,0.0,0.0,0.0,0.0,0.0,0.0,0.0,0.0,0.0,0.0,0.0,0.0,0.0,0.0,0.0,0.0,0.0,0.0,0.0,0.0,0.0,0.0,0.0,0.0,0.0,0.0,0.0,0.0,0.0,0.0,0.0,0.0,0.0,0.0,0.0,0.0,0.0,0.0,0.0,0.0,0.0,0.0,0.2682906561942189,0.0,0.0,0.0,0.0,0.0,0.0,0.0,0.0,0.0,0.0,0.0,0.0,0.0,0.0,0.0,0.0,0.0,0.0,0.0,0.0,0.0,0.0,0.0,0.0,0.0,0.0,0.0,0.0,0.0,0.0,0.32028827349653355,0.36549554202775625,0.0,0.0,0.0,0.0,0.0,0.0,0.0,0.0,0.0,0.0,0.0,0.0,0.0,0.0,0.0,0.0,0.3585949183031935,0.40968737673407396,0.0,0.0,0.0,0.0,0.0,0.324941176276756,0.0,0.0,0.0,0.0,0.0,0.0,0.0,0.0,0.0,0.0,0.0,0.0,0.0,0.0,0.0,0.0,0.0,0.0,0.0,0.0,0.0,0.0,0.0,0.0,0.0,0.0,TEXTO_LIVRE,rh_docentes.csv,prof_name
1.0,0.013333333333333334,0.0,0.0,7.32,0.0,0.0,0.0,0.0,1,0,0,0.0,0.0,0.0,0.27219305216431705,0.0,0.0,0.0,0.0,0.0,0.0,0.0,0.0,0.0,0.0,0.0,0.0,0.0,0.0,0.0,0.0,0.0,0.0,0.0,0.0,0.0,0.0,0.0,0.0,0.0,0.0,0.0,0.0,0.0,0.0,0.0,0.0,0.0,0.0,0.0,0.0,0.0,0.0,0.0,0.30312257002106774,0.0,0.0,0.0,0.0,0.0,0.0,0.0,0.0,0.0,0.0,0.0,0.0,0.0,0.0,0.0,0.0,0.0,0.0,0.2755360730063526,0.0,0.0,0.0,0.0,0.0,0.0,0.0,0.0,0.0,0.27219305216431705,0.3295671524517461,0.0,0.0,0.0,0.0,0.0,0.0,0.0,0.0,0.0,0.0,0.0,0.0,0.0,0.0,0.0,0.0,0.0,0.0,0.0,0.0,0.0,0.0,0.0,0.0,0.29436137790076033,0.0,0.0,0.0,0.0,0.27900527498267846,0.0,0.0,0.0,0.0,0.0,0.0,0.0,0.0,0.0,0.3668386980254714,0.0,0.0,0.0,0.0,0.0,0.0,0.0,0.0,0.0,0.0,0.0,0.37652374658448157,0.0,0.0,0.0,0.0,0.0,0.0,0.3668386980254714,0.0,0.0,0.0,0.0,0.0,0.0,0.0,0.0,0.0,0.0,0.0,0.0,0.0,0.0,0.0,0.0,0.0,CATEGORICO_NOMINAL,rh_docentes.csv,department
1.0,0.013333333333333334,0.0,0.0,8.056666666666667,0.0,0.0,0.0,0.0,1,0,0,0.0,0.0,0.0,0.0,0.0,0.0,0.0,0.0,0.0,0.0,0.0,0.0,0.0,0.3892423199827312,0.4495396895829002,0.0,0.0,0.0,0.0,0.0,0.0,0.0,0.0,0.0,0.0,0.0,0.0,0.0,0.0,0.0,0.0,0.0,0.0,0.0,0.0,0.0,0.0,0.0,0.0,0.0,0.0,0.0,0.0,0.0,0.0,0.0,0.0,0.0,0.0,0.0,0.0,0.0,0.0,0.0,0.0,0.0,0.0,0.0,0.0,0.0,0.0,0.0,0.0,0.0,0.0,0.0,0.0,0.3166263936721654,0.0,0.0,0.0,0.0,0.0,0.0,0.0,0.0,0.0,0.0,0.0,0.0,0.0,0.0,0.0,0.0,0.0,0.0,0.0,0.0,0.0,0.0,0.4495396895829002,0.0,0.0,0.4710607523186244,0.0,0.0,0.0,0.0,0.0,0.0,0.0,0.0,0.0,0.0,0.0,0.0,0.0,0.0,0.0,0.0,0.0,0.0,0.0,0.0,0.0,0.0,0.0,0.0,0.0,0.0,0.0,0.0,0.0,0.0,0.0,0.0,0.0,0.0,0.0,0.0,0.0,0.0,0.0,0.0,0.0,0.0,0.0,0.0,0.3495254579698755,0.0,0.0,0.0,0.0,0.0,0.0,0.0,0.0,0.0,0.0,0.0,CATEGORICO_ORDINAL,rh_docentes.csv,title
1.0,1.0,1.0,0.0,8.766666666666667,11.702972929100639,0.16040424302256037,11.254727369954214,12.081152016500623,0,0,1,0.0,0.0,0.0,0.0,0.0,0.0,0.0,0.0,0.0,0.0,0.0,0.0,0.29402491445677664,0.0,0.0,0.0,0.3273434792201332,0.0,0.0,0.0,0.0,0.0,0.0,0.0,0.0,0.0,0.0,0.0,0.0,0.0,0.0,0.0,0.0,0.0,0.0,0.0,0.0,0.0,0.5545011576700123,0.2895214475548373,0.0,0.0,0.0,0.2895214475548373,0.0,0.0,0.0,0.0,0.0,0.0,0.0,0.0,0.0,0.0,0.0,0.0,0.0,0.0,0.0,0.0,0.0,0.0,0.0,0.0,0.0,0.0,0.0,0.0,0.0,0.0,0.0,0.0,0.0,0.0,0.0,0.0,0.0,0.0,0.0,0.0,0.0,0.0,0.0,0.0,0.0,0.0,0.0,0.0,0.0,0.0,0.0,0.3273434792201332,0.3420105531544005,0.0,0.0,0.0,0.0,0.0,0.0,0.0,0.0,0.0,0.0,0.0,0.0,0.0,0.0,0.0,0.0,0.0,0.0,0.0,0.0,0.0,0.0,0.0,0.0,0.0,0.0,0.0,0.0,0.0,0.0,0.0,0.0,0.0,0.0,0.0,0.3273434792201332,0.0,0.0,0.0,0.0,0.0,0.0,0.0,0.0,0.0,0.0,0.0,0.0,0.0,0.0,0.0,0.0,0.0,0.0,0.0,0.0,0.0,NUMERICO_CONTINUO,rh_docentes.csv,salary_annual
1.0,1.0,0.0,1.0,19.0,0.0,0.0,0.0,0.0,1,0,0,0.0,0.0,0.0,0.0,0.0,0.0,0.0,0.0,0.0,0.0,0.0,0.0,0.0,0.0,0.0,0.0,0.0,0.0,0.0,0.3700975996185872,0.0,0.0,0.0,0.0,0.0,0.0,0.0,0.0,0.0,0.0,0.0,0.0,0.0,0.0,0.0,0.0,0.0,0.0,0.0,0.0,0.0,0.0,0.0,0.0,0.0,0.0,0.24280744881804173,0.0,0.0,0.40035345844562015,0.0,0.0,0.0,0.0,0.0,0.0,0.0,0.25745309668205957,0.0,0.0,0.3042426222951418,0.0,0.0,0.0,0.0,0.0,0.0,0.2548499571549157,0.32330807400550493,0.0,0.0,0.0,0.0,0.0,0.0,0.0,0.0,0.0,0.0,0.0,0.0,0.0,0.0,0.0,0.0,0.0,0.0,0.0,0.0,0.0,0.0,0.0,0.0,0.0,0.0,0.0,0.0,0.0,0.0,0.0,0.0,0.0,0.0,0.0,0.0,0.0,0.0,0.0,0.0,0.0,0.0,0.0,0.0,0.0,0.0,0.0,0.0,0.0,0.0,0.0,0.0,0.3042426222951418,0.0,0.0,0.0,0.0,0.0,0.0,0.0,0.0,0.0,0.0,0.0,0.0,0.0,0.0,0.28133014103809934,0.379152891057033,0.0,0.0,0.0,0.0,0.0,0.0,0.0,0.0,0.0,0.0,0.0,0.0,DATA_HORA,rh_docentes.csv,hire_date
1.0,0.006666666666666667,0.0,0.0,4.51,0.3987761199573678,1.0219086640151571,0.0,0.693359375,0,0,0,0.0,0.0,0.0,0.0,0.0,0.0,0.0,0.0,0.0,0.0,0.0,0.0,0.0,0.295066955693149,0.0,0.0,0.0,0.0,0.0,0.0,0.0,0.0,0.0,0.0,0.0,0.0,0.0,0.31503385174990767,0.0,0.0,0.32080876182739526,0.0,0.0,0.0,0.0,0.0,0.0,0.0,0.0,0.0,0.0,0.0,0.0,0.0,0.0,0.0,0.0,0.0,0.0,0.0,0.0,0.0,0.0,0.0,0.0,0.0,0.0,0.0,0.0,0.0,0.0,0.0,0.0,0.0,0.0,0.0,0.0,0.0,0.30449461986823445,0.0,0.0,0.0,0.26495940324525963,0.0,0.0,0.0,0.0,0.0,0.0,0.0,0.0,0.0,0.0,0.0,0.0,0.0,0.0,0.0,0.0,0.0,0.0,0.0,0.0,0.0,0.0,0.0,0.0,0.0,0.0,0.0,0.0,0.0,0.0,0.0,0.0,0.0,0.0,0.0,0.0,0.0,0.0,0.0,0.0,0.0,0.0,0.0,0.0,0.0,0.0,0.0,0.25301100759974193,0.2865385960695082,0.0,0.0,0.0,0.0,0.0,0.0,0.0,0.0,0.0,0.0,0.0,0.0,0.0,0.0,0.26495940324525963,0.0,0.0,0.0,0.30449461986823445,0.3570897998433148,0.0,0.0,0.3336134324252224,0.0,0.0,0.0,0.0,0.0,BOOLEANO,rh_docentes.csv,tenure_track
1.0,0.5233333333333333,1.0,0.0,2.48,4.647527002066917,0.5499499598606851,0.0,5.298317366548036,0,1,0,0.0,0.0,0.0,0.0,0.0,0.0,0.0,0.0,0.0,0.25176601385322206,0.0,0.0,0.0,0.0,0.0,0.0,0.0,0.2646856278841828,0.2863134182999405,0.0,0.0,0.0,0.0,0.0,0.0,0.0,0.0,0.0,0.0,0.0,0.0,0.0,0.0,0.0,0.0,0.0,0.0,0.0,0.0,0.0,0.0,0.0,0.0,0.0,0.0,0.0,0.1921313419114939,0.0,0.0,0.0,0.24424179085487238,0.0,0.0,0.0,0.217427151804495,0.0,0.0,0.0,0.0,0.0,0.0,0.0,0.0,0.0,0.0,0.0,0.0,0.0,0.0,0.0,0.0,0.0,0.0,0.0,0.0,0.0,0.0,0.0,0.0,0.0,0.2601278999607642,0.0,0.0,0.0,0.0,0.0,0.0,0.2802958486574555,0.0,0.0,0.0,0.0,0.0,0.0,0.24424179085487238,0.0,0.0,0.0,0.0,0.0,0.0,0.0,0.0,0.22818539971407703,0.0,0.0,0.0,0.0,0.0,0.0,0.27472444938249324,0.0,0.0,0.0,0.0,0.0,0.0,0.0,0.0,0.0,0.0,0.0,0.0,0.0,0.0,0.0,0.0,0.2863134182999405,0.0,0.0,0.0,0.0,0.30002025927549436,0.0,0.0,0.0,0.0,0.0,0.2226140004391147,0.0,0.0,0.0,0.0,0.29285488892158873,0.0,0.0,0.0,0.0,0.0,0.0,NUMERICO_INTEIRO,rh_docentes.csv,publications_count
1.0,1.0,0.0,0.0,8.0,0.0,0.0,0.0,0.0,1,0,0,0.0,0.2255190546683388,0.27830953128199465,0.0,0.0,0.0,0.0,0.0,0.0,0.0,0.0,0.0,0.0,0.0,0.0,0.0,0.0,0.0,0.0,0.0,0.228288834771239,0.2438860916808944,0.2438860916808944,0.0,0.0,0.0,0.0,0.0,0.0,0.0,0.2730549956351806,0.0,0.0,0.0,0.0,0.0,0.0,0.0,0.0,0.0,0.0,0.0,0.0,0.0,0.0,0.0,0.0,0.0,0.0,0.0,0.0,0.0,0.0,0.0,0.22026451902152477,0.24050062060311303,0.0,0.0,0.0,0.0,0.0,0.0,0.0,0.0,0.0,0.0,0.0,0.0,0.0,0.0,0.0,0.0,0.0,0.0,0.0,0.0,0.0,0.0,0.0,0.0,0.0,0.2022610175861594,0.24050062060311303,0.0,0.0,0.0,0.0,0.0,0.0,0.0,0.0,0.0,0.0,0.0,0.0,0.0,0.0,0.0,0.0,0.0,0.0,0.0,0.0,0.23116315924033767,0.0,0.0,0.0,0.0,0.0,0.0,0.27830953128199465,0.0,0.0,0.0,0.0,0.0,0.0,0.0,0.0,0.0,0.21534922918648486,0.0,0.0,0.0,0.0,0.0,0.0,0.0,0.0,0.0,0.0,0.0,0.0,0.2900497331996107,0.0,0.0,0.0,0.0,0.0,0.0,0.2591692839854249,0.30393544484936647,0.0,0.0,0.0,0.0,0.0,0.0,0.0,0.0,ID,rh_terceirizados.csv,contract_id
1.0,1.0,0.0,0.0,12.633333333333333,0.0,0.0,0.0,0.0,1,0,0,0.0,0.23025730113556706,0.2841569269946639,0.0,0.0,0.0,0.0,0.0,0.0,0.0,0.0,0.0,0.0,0.0,0.0,0.0,0.0,0.0,0.0,0.0,0.0,0.0,0.0,0.0,0.0,0.0,0.0,0.0,0.0,0.0,0.2787919914306364,0.0,0.0,0.0,0.0,0.0,0.0,0.0,0.0,0.0,0.0,0.0,0.0,0.0,0.0,0.0,0.0,0.0,0.0,0.0,0.0,0.0,0.0,0.0,0.22489236557153958,0.0,0.0,0.0,0.0,0.0,0.0,0.0,0.0,0.0,0.0,0.0,0.0,0.20858434546854634,0.0,0.0,0.0,0.0,0.0,0.0,0.0,0.0,0.0,0.0,0.0,0.0,0.0,0.0,0.0,0.0,0.0,0.0,0.0,0.0,0.0,0.0,0.0,0.0,0.0,0.0,0.0,0.0,0.0,0.0,0.24901023701758263,0.2841569269946639,0.0,0.0,0.0,0.2360199906253161,0.0,0.0,0.0,0.0,0.0,0.0,0.2841569269946639,0.2360199906253161,0.0,0.0,0.0,0.0,0.0,0.0,0.0,0.296143795298597,0.21987380351087538,0.0,0.0,0.0,0.0,0.0,0.0,0.0,0.0,0.0,0.0,0.0,0.0,0.0,0.0,0.0,0.0,0.0,0.0,0.23906982163405088,0.26461453536812507,0.3103212513611084,0.0,0.0,0.0,0.0,0.0,0.0,0.0,0.0,TEXTO_LIVRE,rh_terceirizados.csv,contractor_name
1.0,0.01,0.0,0.0,7.3933333333333335,0.0,0.0,0.0,0.0,1,0,0,0.45726599098791293,0.0,0.0,0.0,0.0,0.0,0.0,0.0,0.0,0.0,0.0,0.0,0.0,0.0,0.0,0.0,0.0,0.0,0.0,0.0,0.0,0.0,0.0,0.0,0.0,0.0,0.0,0.0,0.0,0.0,0.0,0.0,0.0,0.0,0.0,0.0,0.0,0.4684540581830327,0.0,0.0,0.0,0.0,0.0,0.0,0.0,0.0,0.0,0.0,0.0,0.0,0.0,0.0,0.0,0.0,0.0,0.0,0.0,0.0,0.0,0.0,0.0,0.0,0.0,0.0,0.0,0.0,0.0,0.0,0.0,0.0,0.0,0.0,0.3475912998871962,0.0,0.0,0.0,0.0,0.48082189267156594,0.0,0.0,0.0,0.0,0.0,0.0,0.0,0.0,0.0,0.0,0.0,0.0,0.0,0.0,0.0,0.0,0.0,0.0,0.0,0.0,0.0,0.0,0.4684540581830327,0.0,0.0,0.0,0.0,0.0,0.0,0.0,0.0,0.0,0.0,0.0,0.0,0.0,0.0,0.0,0.0,0.0,0.0,0.0,0.0,0.0,0.0,0.0,0.0,0.0,0.0,0.0,0.0,0.0,0.0,0.0,0.0,0.0,0.0,0.0,0.0,0.0,0.0,0.0,0.0,0.0,0.0,0.0,0.0,0.0,0.0,0.0,0.0,0.0,CATEGORICO_NOMINAL,rh_terceirizados.csv,agency
1.0,0.013333333333333334,0.0,0.0,2.0,0.0,0.0,0.0,0.0,1,0,0,0.0,0.0,0.0,0.0,0.0,0.0,0.0,0.0,0.0,0.0,0.0,0.0,0.3227611068838416,0.0,0.0,0.0,0.0,0.0,0.0,0.0,0.0,0.0,0.0,0.4061288926508284,0.0,0.0,0.0,0.0,0.0,0.0,0.0,0.0,0.0,0.0,0.0,0.0,0.0,0.0,0.0,0.0,0.0,0.0,0.0,0.0,0.0,0.0,0.0,0.0,0.0,0.0,0.0,0.0,0.0,0.0,0.0,0.0,0.0,0.0,0.0,0.0,0.0,0.0,0.0,0.0,0.0,0.0,0.0,0.0,0.0,0.0,0.4061288926508284,0.0,0.0,0.0,0.0,0.0,0.37543656770044526,0.0,0.0,0.0,0.0,0.0,0.0,0.0,0.0,0.0,0.0,0.0,0.0,0.0,0.0,0.3593360238859272,0.0,0.3846224893078293,0.0,0.0,0.0,0.0,0.0,0.0,0.0,0.0,0.0,0.0,0.0,0.0,0.0,0.0,0.0,0.0,0.0,0.0,0.0,0.0,0.0,0.0,0.0,0.0,0.0,0.0,0.0,0.0,0.0,0.0,0.0,0.0,0.0,0.0,0.0,0.0,0.0,0.0,0.0,0.0,0.0,0.0,0.0,0.0,0.0,0.0,0.0,0.0,0.0,0.0,0.0,0.0,0.0,0.0,0.3846224893078293,0.0,CATEGORICO_ORDINAL,rh_terceirizados.csv,skill_level
1.0,0.97,1.0,0.0,4.883333333333334,3.9442701003558316,0.2709672401824152,2.1838015570040787,4.561531728958262,0,0,1,0.0,0.0,0.0,0.0,0.0,0.0,0.0,0.0,0.0,0.0,0.0,0.0,0.0,0.0,0.0,0.0,0.0,0.0,0.0,0.0,0.0,0.0,0.0,0.0,0.0,0.0,0.0,0.0,0.0,0.0,0.0,0.0,0.0,0.0,0.0,0.0,0.0,0.0,0.0,0.0,0.0,0.0,0.0,0.0,0.0,0.0,0.2892336605718577,0.0,0.0,0.4769033935017634,0.0,0.0,0.0,0.0,0.0,0.0,0.0,0.0,0.0,0.0,0.0,0.0,0.0,0.0,0.0,0.0,0.0,0.30357876730435907,0.0,0.0,0.0,0.0,0.0,0.0,0.0,0.0,0.0,0.0,0.0,0.0,0.0,0.0,0.0,0.0,0.0,0.0,0.0,0.0,0.0,0.0,0.0,0.0,0.0,0.0,0.0,0.0,0.0,0.0,0.0,0.0,0.0,0.0,0.0,0.0,0.0,0.0,0.0,0.0,0.0,0.0,0.0,0.0,0.0,0.0,0.0,0.0,0.0,0.0,0.0,0.0,0.32000972116298093,0.0,0.0,0.0,0.0,0.0,0.0,0.0,0.0,0.0,0.0,0.0,0.0,0.0,0.0,0.0,0.33512211803116765,0.4516491529838103,0.0,0.0,0.0,0.0,0.0,0.0,0.4219561136862146,0.0,0.0,0.0,0.0,0.0,NUMERICO_CONTINUO,rh_terceirizados.csv,hourly_rate
1.0,1.0,0.0,1.0,19.0,0.0,0.0,0.0,0.0,1,0,0,0.0,0.0,0.0,0.0,0.0,0.0,0.0,0.0,0.0,0.0,0.0,0.0,0.25329458377357983,0.0,0.0,0.0,0.0,0.0,0.0,0.2946329254698268,0.0,0.0,0.0,0.0,0.0,0.0,0.0,0.0,0.0,0.0,0.0,0.0,0.0,0.0,0.0,0.0,0.0,0.0,0.0,0.0,0.0,0.0,0.0,0.24941496773297211,0.0,0.0,0.19329784641902878,0.0,0.0,0.3187194696895076,0.0,0.0,0.0,0.0,0.0,0.0,0.0,0.20495717649850922,0.0,0.0,0.24220609361371082,0.0,0.0,0.0,0.0,0.0,0.0,0.20288482959574908,0.0,0.0,0.0,0.0,0.0,0.0,0.0,0.0,0.0,0.0,0.0,0.0,0.0,0.0,0.0,0.0,0.0,0.0,0.0,0.0,0.0,0.0,0.0,0.0,0.0,0.0,0.0,0.0,0.0,0.0,0.0,0.0,0.0,0.0,0.0,0.0,0.0,0.0,0.0,0.0,0.0,0.0,0.0,0.0,0.0,0.0,0.0,0.0,0.0,0.0,0.0,0.0,0.0,0.0,0.0,0.0,0.0,0.30981084021074123,0.0,0.0,0.0,0.0,0.24220609361371082,0.2946329254698268,0.0,0.28805173902206643,0.2008677519174638,0.0,0.22396557708646997,0.30184179958908813,0.0,0.0,0.0,0.0,0.0,0.0,0.0,0.0,0.0,0.0,0.0,0.0,DATA_HORA,rh_terceirizados.csv,start_date
1.0,0.006666666666666667,0.0,0.0,4.5,0.4054651081081644,1.0016708449412668,0.0,0.693359375,0,0,0,0.0,0.0,0.0,0.0,0.0,0.0,0.0,0.0,0.0,0.0,0.0,0.494055997675005,0.0,0.0,0.0,0.0,0.0,0.0,0.0,0.0,0.0,0.0,0.0,0.0,0.0,0.0,0.0,0.0,0.0,0.0,0.0,0.0,0.0,0.0,0.0,0.0,0.0,0.0,0.0,0.0,0.0,0.0,0.0,0.0,0.0,0.0,0.0,0.0,0.0,0.0,0.0,0.0,0.0,0.0,0.0,0.0,0.0,0.0,0.0,0.0,0.0,0.0,0.0,0.0,0.0,0.0,0.0,0.0,0.3989781771321215,0.0,0.0,0.45671876927602945,0.0,0.0,0.0,0.0,0.0,0.0,0.0,0.0,0.0,0.0,0.0,0.0,0.0,0.0,0.0,0.0,0.0,0.0,0.0,0.0,0.0,0.0,0.0,0.0,0.0,0.0,0.0,0.0,0.0,0.0,0.0,0.0,0.0,0.0,0.0,0.0,0.0,0.0,0.0,0.35586414591861526,0.0,0.0,0.0,0.0,0.0,0.0,0.0,0.0,0.0,0.37545046538845617,0.0,0.0,0.0,0.0,0.0,0.0,0.0,0.0,0.0,0.0,0.0,0.0,0.0,0.0,0.3471753286365263,0.0,0.0,0.0,0.0,0.0,0.0,0.0,0.0,0.0,0.0,0.0,0.0,0.0,BOOLEANO,rh_terceirizados.csv,remote_work
1.0,0.03,1.0,0.0,1.0,1.7732559976634952,0.5309247136446857,0.6931471805599453,2.302585092994046,0,1,0,0.0,0.0,0.0,0.0,0.0,0.0,0.3068765958289656,0.0,0.0,0.0,0.0,0.0,0.0,0.0,0.0,0.0,0.0,0.0,0.0,0.0,0.0,0.0,0.0,0.0,0.0,0.0,0.3068765958289656,0.0,0.0,0.0,0.0,0.0,0.0,0.0,0.0,0.0,0.0,0.0,0.24282791953408045,0.0,0.0,0.0,0.0,0.0,0.0,0.0,0.1965221025414473,0.0,0.0,0.0,0.0,0.0,0.0,0.0,0.22239599534937513,0.0,0.0,0.0,0.0,0.0,0.0,0.0,0.0,0.0,0.0,0.0,0.0,0.2062689989803984,0.0,0.0,0.0,0.0,0.0,0.0,0.0,0.0,0.2995474758976305,0.0,0.0,0.0,0.0,0.0,0.0,0.0,0.0,0.0,0.0,0.2867014249927911,0.0,0.0,0.0,0.0,0.0,0.0,0.0,0.0,0.3240357896616023,0.0,0.0,0.0,0.0,0.0,0.0,0.0,0.0,0.0,0.0,0.0,0.0,0.0,0.28100270302103775,0.23340010055063437,0.0,0.0,0.0,0.0,0.0,0.0,0.0,0.0,0.0,0.2462461514554737,0.0,0.0,0.0,0.0,0.0,0.0,0.0,0.0,0.0,0.0,0.0,0.0,0.0,0.0,0.0,0.0,0.22770137857888098,0.0,0.0,0.0,0.0,0.0,0.0,0.0,0.0,0.3149785620288917,0.0,0.0,NUMERICO_INTEIRO,rh_terceirizados.csv,evaluation_score
1.0,1.0,0.0,0.0,7.0,0.0,0.0,0.0,0.0,1,0,0,0.0,0.0,0.0,0.0,0.0,0.0,0.0,0.0,0.0,0.25007908976270293,0.0,0.0,0.0,0.0,0.0,0.0,0.0,0.0,0.0,0.0,0.22383818680102796,0.23913136445128647,0.23913136445128647,0.0,0.0,0.0,0.0,0.0,0.0,0.0,0.26773160054537043,0.0,0.0,0.0,0.0,0.0,0.0,0.0,0.0,0.0,0.0,0.0,0.0,0.0,0.0,0.0,0.0,0.0,0.0,0.0,0.0,0.0,0.0,0.2784177642713381,0.0,0.2358118954624624,0.0,0.0,0.0,0.0,0.0,0.0,0.0,0.0,0.0,0.0,0.0,0.0,0.2541166004020747,0.0,0.0,0.0,0.2211224054677358,0.26773160054537043,0.0,0.0,0.0,0.0,0.0,0.0,0.0,0.19831779982750414,0.2358118954624624,0.0,0.0,0.0,0.0,0.0,0.0,0.0,0.0,0.0,0.0,0.0,0.0,0.0,0.0,0.0,0.0,0.0,0.0,0.0,0.0,0.22665647433613928,0.31467342760416805,0.0,0.0,0.0,0.0,0.0,0.0,0.0,0.0,0.29801001414641715,0.0,0.0,0.0,0.0,0.0,0.0,0.0,0.0,0.0,0.0,0.0,0.0,0.0,0.0,0.0,0.0,0.0,0.0,0.0,0.0,0.0,0.0,0.2211224054677358,0.0,0.0,0.0,0.0,0.0,0.0,0.0,0.0,0.0,0.0,0.0,0.0,0.0,ID,saude_pacientes.csv,paciente_id
1.0,0.016666666666666666,0.0,0.0,2.203333333333333,0.0,0.0,0.0,0.0,1,0,0,0.0,0.0,0.0,0.0,0.0,0.0,0.0,0.0,0.0,0.0,0.0,0.0,0.0,0.2702419299083738,0.3121049974439673,0.0,0.0,0.0,0.0,0.0,0.0,0.0,0.0,0.0,0.0,0.0,0.32704657298395307,0.0,0.0,0.0,0.0,0.0,0.0,0.0,0.0,0.0,0.0,0.0,0.0,0.2702419299083738,0.0,0.0,0.0,0.0,0.0,0.0,0.0,0.0,0.0,0.0,0.0,0.0,0.0,0.0,0.0,0.0,0.0,0.0,0.0,0.0,0.0,0.0,0.0,0.0,0.0,0.0,0.0,0.0,0.0,0.0,0.0,0.0,0.0,0.0,0.0,0.0,0.0,0.0,0.0,0.0,0.0,0.0,0.0,0.0,0.0,0.0,0.25530035436838805,0.0,0.33568105445348306,0.0,0.0,0.0,0.0,0.0,0.0,0.0,0.0,0.0,0.0,0.0,0.0,0.34533358351003085,0.0,0.0,0.0,0.2019835473171016,0.2397916362405996,0.0,0.0,0.0,0.0,0.0,0.0,0.0,0.0,0.3192357343957035,0.0,0.0,0.0,0.0,0.0,0.0,0.0,0.0,0.0,0.0,0.0,0.0,0.30554535532506677,0.0,0.0,0.0,0.0,0.0,0.0,0.0,0.0,0.0,0.2426674322516573,0.0,0.0,0.0,0.0,0.0,0.0,0.0,0.0,0.0,0.0,0.0,CATEGORICO_NOMINAL,saude_pacientes.csv,tipo_sanguineo
1.0,0.16666666666666666,1.0,0.0,3.0,5.165071647400675,0.0819987150847658,5.017279836814924,5.298317366548036,0,1,0,0.3945871354714246,0.0,0.0,0.0,0.0,0.0,0.0,0.0,0.0,0.0,0.0,0.0,0.0,0.0,0.0,0.0,0.0,0.35663240621275455,0.0,0.0,0.0,0.0,0.0,0.0,0.0,0.0,0.0,0.0,0.0,0.27448889169428603,0.0,0.0,0.0,0.0,0.0,0.0,0.0,0.0,0.3198717428491486,0.0,0.0,0.0,0.0,0.0,0.0,0.0,0.0,0.0,0.0,0.0,0.0,0.0,0.0,0.0,0.0,0.0,0.0,0.0,0.0,0.0,0.0,0.0,0.0,0.0,0.0,0.0,0.0,0.0,0.0,0.0,0.0,0.0,0.0,0.0,0.0,0.0,0.0,0.0,0.0,0.0,0.0,0.0,0.0,0.0,0.0,0.0,0.0,0.0,0.0,0.0,0.0,0.0,0.0,0.0,0.0,0.0,0.0,0.0,0.0,0.0,0.0,0.0,0.0,0.0,0.0,0.0,0.0,0.0,0.0,0.0,0.0,0.0,0.0,0.0,0.0,0.0,0.0,0.0,0.0,0.0,0.28641977342244757,0.0,0.0,0.0,0.0,0.0,0.0,0.0,0.0,0.0,0.0,0.0,0.0,0.0,0.0,0.0,0.0,0.0,0.0,0.0,0.0,0.0,0.37766532228147487,0.0,0.37766532228147487,0.4149141572749001,0.0,0.0,0.0,0.0,NUMERICO_INTEIRO,saude_pacientes.csv,altura_cm
1.0,0.74,1.0,0.0,4.05,4.331031541433984,0.20322769326152904,3.681351187693145,4.762173934797756,0,0,1,0.0,0.0,0.0,0.0,0.0,0.0,0.0,0.0,0.0,0.49470723292022273,0.0,0.0,0.0,0.0,0.0,0.0,0.0,0.0,0.0,0.0,0.0,0.0,0.0,0.0,0.0,0.0,0.0,0.0,0.0,0.0,0.0,0.0,0.0,0.0,0.0,0.0,0.0,0.0,0.0,0.0,0.0,0.0,0.0,0.0,0.0,0.0,0.0,0.0,0.0,0.0,0.0,0.0,0.0,0.0,0.0,0.0,0.0,0.0,0.0,0.0,0.0,0.0,0.0,0.0,0.0,0.0,0.0,0.0,0.0,0.0,0.0,0.0,0.0,0.0,0.0,0.4871299918768154,0.0,0.0,0.0,0.0,0.0,0.0,0.0,0.0,0.0,0.0,0.0,0.0,0.0,0.0,0.0,0.0,0.0,0.0,0.0,0.0,0.0,0.0,0.0,0.0,0.0,0.0,0.0,0.0,0.0,0.0,0.43224120643904584,0.0,0.0,0.0,0.0,0.0,0.0,0.0,0.5754447533574604,0.0,0.0,0.0,0.0,0.0,0.0,0.0,0.0,0.0,0.0,0.0,0.0,0.0,0.0,0.0,0.0,0.0,0.0,0.0,0.0,0.0,0.0,0.0,0.0,0.0,0.0,0.0,0.0,0.0,0.0,0.0,0.0,0.0,0.0,0.0,NUMERICO_CONTINUO,saude_pacientes.csv,peso_kg
1.0,1.0,0.0,1.0,19.0,0.0,0.0,0.0,0.0,1,0,0,0.0,0.0,0.0,0.20592182575925239,0.24483881354556628,0.24483881354556628,0.0,0.0,0.0,0.0,0.0,0.0,0.0,0.0,0.0,0.0,0.2592785395097762,0.0,0.0,0.0,0.0,0.0,0.0,0.0,0.0,0.0,0.0,0.0,0.0,0.18844483396097758,0.0,0.0,0.2166418237532719,0.0,0.0,0.0,0.0,0.0,0.0,0.0,0.24483881354556628,0.29304188597761516,0.0,0.0,0.0,0.0,0.17772483596695807,0.23288794565714735,0.24483881354556628,0.0,0.0,0.0,0.0,0.0,0.0,0.0,0.0,0.18844483396097758,0.0,0.0,0.22269279795481917,0.24062283587366334,0.0,0.0,0.0,0.0,0.0,0.0,0.0,0.0,0.0,0.0,0.0,0.0,0.0,0.0,0.0,0.0,0.0,0.0,0.0,0.0,0.0,0.0,0.0,0.0,0.0,0.0,0.0,0.2648448961853208,0.0,0.0,0.0,0.0,0.0,0.0,0.0,0.0,0.0,0.0,0.0,0.0,0.0,0.0,0.0,0.17139844622303596,0.0,0.0,0.0,0.0,0.0,0.0,0.0,0.0,0.0,0.0,0.0,0.0,0.0,0.0,0.0,0.0,0.0,0.0,0.0,0.0,0.0,0.0,0.2592785395097762,0.0,0.0,0.0,0.0,0.0,0.18468487322509844,0.22932089026979924,0.0,0.0,0.0,0.0,0.0,0.0,0.0,0.0,0.0,0.0,0.0,0.0,0.0,0.0,DATA_HORA,saude_pacientes.csv,data_admissao
1.0,0.006666666666666667,0.0,0.0,4.496666666666667,0.40768486484647726,0.9950151510018133,0.0,0.693359375,0,0,0,0.0,0.0,0.0,0.0,0.0,0.0,0.0,0.41848879393873695,0.0,0.0,0.0,0.0,0.0,0.0,0.0,0.0,0.0,0.0,0.0,0.0,0.0,0.0,0.0,0.0,0.0,0.0,0.0,0.0,0.0,0.0,0.0,0.0,0.0,0.0,0.0,0.0,0.0,0.0,0.0,0.32748978008316715,0.0,0.0,0.0,0.0,0.0,0.0,0.0,0.0,0.0,0.0,0.0,0.0,0.0,0.0,0.0,0.0,0.0,0.0,0.0,0.0,0.0,0.0,0.0,0.0,0.0,0.0,0.0,0.26639422978679206,0.0,0.0,0.0,0.0,0.0,0.0,0.0,0.0,0.0,0.0,0.0,0.0,0.0,0.0,0.0,0.0,0.0,0.0,0.0,0.0,0.0,0.0,0.0,0.0,0.0,0.0,0.0,0.0,0.0,0.3702718569792848,0.0,0.0,0.0,0.0,0.0,0.3014337604084395,0.41848879393873695,0.0,0.0,0.0,0.0,0.0,0.0,0.0,0.0,0.0,0.0,0.0,0.0,0.0,0.0,0.0,0.0,0.0,0.0,0.0,0.0,0.0,0.0,0.0,0.0,0.0,0.0,0.0,0.0,0.0,0.0,0.0,0.29407392127634296,0.3963278766540125,0.0,0.0,0.0,0.0,0.0,0.0,0.0,0.0,0.0,0.0,0.0,0.0,BOOLEANO,saude_pacientes.csv,fumante
1.0,1.0,0.0,0.0,10.0,0.0,0.0,0.0,0.0,1,0,0,0.0,0.0,0.0,0.0,0.0,0.0,0.0,0.0,0.0,0.2737169494272303,0.0,0.0,0.0,0.0,0.0,0.0,0.0,0.0,0.0,0.0,0.2449957160138285,0.2617344283046062,0.2617344283046062,0.0,0.0,0.0,0.0,0.0,0.0,0.0,0.0,0.0,0.0,0.0,0.0,0.0,0.0,0.0,0.0,0.0,0.0,0.0,0.0,0.0,0.0,0.0,0.0,0.0,0.0,0.0,0.0,0.0,0.32617837840150576,0.0,0.0,0.2581011980085372,0.0,0.0,0.0,0.0,0.0,0.0,0.0,0.0,0.0,0.0,0.0,0.0,0.2781360917735075,0.0,0.0,0.0,0.0,0.0,0.0,0.0,0.0,0.0,0.0,0.0,0.2828078903440957,0.21706310286642905,0.2581011980085372,0.0,0.0,0.0,0.0,0.0,0.0,0.0,0.0,0.0,0.0,0.0,0.2655367056588273,0.0,0.0,0.0,0.0,0.0,0.0,0.0,0.0,0.0,0.0,0.0,0.0,0.0,0.33478993833430876,0.0,0.0,0.0,0.0,0.0,0.0,0.3183882748654074,0.0,0.0,0.0,0.0,0.0,0.0,0.0,0.0,0.0,0.0,0.0,0.0,0.0,0.0,0.0,0.0,0.0,0.0,0.0,0.0,0.0,0.0,0.0,0.0,0.0,0.0,0.0,0.0,0.0,0.0,0.0,0.0,0.0,0.0,ID,sinistros_auto.csv,police_id
1.0,1.0,1.0,0.013333333333333334,7.726666666666667,10.137180217773375,0.5660333065072151,6.935652507399373,10.81809747263726,0,0,1,0.0,0.0,0.0,0.0,0.0,0.0,0.0,0.0,0.0,0.0,0.0,0.0,0.0,0.0,0.0,0.30692578425173334,0.0,0.0,0.0,0.0,0.0,0.0,0.0,0.0,0.0,0.0,0.29903095384208384,0.0,0.0,0.0,0.0,0.0,0.0,0.0,0.0,0.0,0.0,0.0,0.2366197532972993,0.0,0.0,0.0,0.0,0.0,0.0,0.0,0.0,0.0,0.0,0.0,0.0,0.0,0.0,0.0,0.0,0.0,0.0,0.0,0.0,0.0,0.0,0.0,0.0,0.0,0.0,0.0,0.0,0.0,0.0,0.0,0.0,0.0,0.0,0.0,0.0,0.0,0.0,0.0,0.0,0.0,0.0,0.0,0.0,0.0,0.0,0.0,0.23343069394201219,0.0,0.0,0.2853693106551219,0.0,0.0,0.0,0.0,0.0,0.2853693106551219,0.0,0.0,0.0,0.0,0.0,0.0,0.0,0.0,0.0,0.18468113658418964,0.0,0.0,0.0,0.0,0.0,0.22743296700734175,0.0,0.0,0.0,0.0,0.0,0.0,0.0,0.2853693106551219,0.0,0.0,0.0,0.24343641280692943,0.3157514537716201,0.0,0.0,0.0,0.0,0.0,0.23995059431222435,0.0,0.0,0.0,0.0,0.0,0.0,0.0,0.0,0.0,0.2549871675386236,0.0,0.0,0.0,0.0,0.0,0.0,0.30692578425173334,0.0,0.0,NUMERICO_CONTINUO,sinistros_auto.csv,valor_sinistro
1.0,0.013333333333333334,0.0,0.0,7.263333333333334,0.0,0.0,0.0,0.0,1,0,0,0.0,0.0,0.0,0.0,0.0,0.0,0.0,0.0,0.0,0.0,0.0,0.0,0.0,0.22247716941440562,0.2569410173135112,0.0,0.0,0.0,0.0,0.0,0.2022300272452619,0.0,0.0,0.0,0.0,0.0,0.0,0.0,0.0,0.0,0.0,0.0,0.0,0.0,0.0,0.0,0.0,0.0,0.0,0.0,0.0,0.0,0.0,0.0,0.0,0.0,0.0,0.0,0.0,0.0,0.0,0.0,0.0,0.25154077978753103,0.0,0.0,0.0,0.0,0.0,0.0,0.0,0.0,0.2022300272452619,0.0,0.0,0.0,0.0,0.18097246935841868,0.0,0.0,0.0,0.0,0.19977641313735256,0.2418862020216257,0.0,0.0,0.0,0.0,0.0,0.0,0.0,0.17917324400946397,0.0,0.0,0.0,0.0,0.21017648967216646,0.0,0.2763500499207313,0.0,0.0,0.0,0.0,0.0,0.0,0.0,0.0,0.0,0.0,0.0,0.26924169705575035,0.0,0.0,0.2047762521461863,0.2842965123476358,0.0,0.19740890874389933,0.0,0.0,0.0,0.0,0.0,0.0,0.0,0.0,0.2628114097185642,0.0,0.0,0.0,0.0,0.0,0.0,0.0,0.0,0.0,0.0,0.0,0.0,0.0,0.0,0.0,0.0,0.0,0.0,0.0,0.0,0.19977641313735256,0.26924169705575035,0.19977641313735256,0.0,0.0,0.0,0.0,0.0,0.0,0.0,0.0,0.0,0.0,0.0,CATEGORICO_NOMINAL,sinistros_auto.csv,tipo_incidente
1.0,0.013333333333333334,0.0,0.0,7.796666666666667,0.0,0.0,0.0,0.0,1,0,0,0.0,0.0,0.0,0.0,0.0,0.0,0.0,0.0,0.0,0.0,0.0,0.0,0.24134342699238284,0.0,0.0,0.0,0.2686921862542046,0.0,0.0,0.0,0.0,0.0,0.0,0.0,0.0,0.0,0.0,0.0,0.0,0.0,0.0,0.0,0.0,0.0,0.0,0.0,0.0,0.0,0.22757460861874934,0.2376468622387841,0.0,0.0,0.0,0.0,0.0,0.0,0.1841775058511208,0.0,0.0,0.0,0.0,0.0,0.0,0.0,0.0,0.0,0.0,0.0,0.0,0.0,0.0,0.0,0.0,0.0,0.0,0.0,0.0,0.19331214797381324,0.0,0.0,0.0,0.0,0.0,0.0,0.0,0.0,0.0,0.0,0.0,0.0,0.0,0.0,0.0,0.0,0.0,0.0,0.0,0.0,0.0,0.2744606410883402,0.0,0.0,0.0,0.0,0.23413069110287835,0.0,0.0,0.0,0.0,0.26335143126673366,0.0,0.0,0.0,0.0,0.0,0.0,0.0,0.0,0.0,0.0,0.0,0.0,0.0,0.0,0.0,0.0,0.0,0.0,0.0,0.0,0.0,0.0,0.0,0.0,0.0,0.0,0.0,0.2744606410883402,0.0,0.29519308617624246,0.23077812324413413,0.2807313084958917,0.0,0.0,0.19139024174062524,0.0,0.0,0.0,0.0,0.0,0.0,0.0,0.2686921862542046,0.0,0.0,0.0,0.29519308617624246,0.0,0.0,0.0,CATEGORICO_NOMINAL,sinistros_auto.csv,status_analise
1.0,1.0,0.0,1.0,19.0,0.0,0.0,0.0,0.0,1,0,0,0.0,0.0,0.0,0.19780145825191797,0.2351837848048336,0.2351837848048336,0.0,0.0,0.0,0.0,0.0,0.0,0.0,0.0,0.0,0.0,0.0,0.0,0.0,0.0,0.0,0.0,0.0,0.0,0.0,0.0,0.0,0.0,0.20023081635736292,0.1810136580718769,0.0,0.0,0.0,0.0,0.0,0.0,0.0,0.0,0.0,0.0,0.0,0.0,0.0,0.0,0.0,0.0,0.17071639488543963,0.22370419012374834,0.2351837848048336,0.0,0.0,0.0,0.0,0.2490540913735897,0.19319273543288598,0.0,0.0,0.1810136580718769,0.0,0.0,0.2139110801647687,0.2311340609429498,0.0,0.0,0.0,0.0,0.0,0.0,0.0,0.0,0.0,0.0,0.19780145825191797,0.0,0.0,0.0,0.0,0.0,0.2351837848048336,0.281486006456798,0.0,0.0,0.0,0.0,0.0,0.0,0.0,0.0,0.0,0.0,0.0,0.0,0.0,0.0,0.0,0.0,0.0,0.0,0.0,0.0,0.2665800204513287,0.0,0.0,0.0,0.0,0.0,0.0,0.0,0.0,0.0,0.0,0.20275186972162532,0.0,0.0,0.0,0.0,0.0,0.0,0.0,0.0,0.0,0.2139110801647687,0.0,0.0,0.0,0.0,0.0,0.0,0.0,0.0,0.0,0.0,0.0,0.0,0.1774019684717839,0.22027779879936432,0.0,0.0,0.0,0.0,0.0,0.0,0.0,0.0,0.0,0.0,0.0,0.0,0.0,0.0,DATA_HORA,sinistros_auto.csv,data_ocorrencia
1.0,0.006666666666666667,0.0,0.0,4.51,0.3987761199573678,1.0219086640151571,0.0,0.693359375,0,0,0,0.0,0.0,0.0,0.0,0.0,0.0,0.0,0.3738799594411141,0.0,0.0,0.0,0.0,0.0,0.0,0.0,0.0,0.0,0.0,0.0,0.0,0.0,0.0,0.0,0.0,0.0,0.3308027093549056,0.0,0.0,0.26595385838493446,0.2404289292746353,0.0,0.0,0.0,0.0,0.0,0.0,0.0,0.3540812862732882,0.0,0.2925809901442625,0.0,0.0,0.0,0.0,0.0,0.0,0.0,0.0,0.0,0.0,0.0,0.0,0.0,0.0,0.0,0.0,0.0,0.0,0.0,0.0,0.0,0.0,0.0,0.0,0.0,0.0,0.0,0.0,0.0,0.0,0.0,0.0,0.0,0.0,0.0,0.0,0.0,0.0,0.3123796633120884,0.0,0.0,0.0,0.0,0.0,0.0,0.0,0.0,0.0,0.0,0.0,0.0,0.0,0.0,0.0,0.0,0.0,0.0,0.0,0.0,0.0,0.0,0.0,0.0,0.0,0.0,0.0,0.0,0.0,0.0,0.0,0.0,0.0,0.0,0.3540812862732882,0.0,0.0,0.0,0.0,0.3540812862732882,0.0,0.25087936718306264,0.0,0.0,0.0,0.0,0.0,0.0,0.0,0.0,0.0,0.0,0.0,0.0,0.0,0.0,0.0,0.0,0.0,0.0,0.0,0.0,0.0,0.0,0.0,0.0,0.0,0.0,0.0,0.0,0.0,BOOLEANO,sinistros_auto.csv,franquia_paga
1.0,1.0,0.0,0.0,7.0,0.0,0.0,0.0,0.0,1,0,0,0.0,0.0,0.0,0.0,0.0,0.0,0.0,0.0,0.0,0.30376741331600754,0.0,0.0,0.0,0.0,0.0,0.0,0.0,0.0,0.0,0.0,0.27189297222096004,0.29046937147372975,0.29046937147372975,0.0,0.0,0.0,0.0,0.0,0.0,0.0,0.0,0.0,0.0,0.0,0.0,0.0,0.0,0.0,0.0,0.0,0.0,0.0,0.0,0.0,0.0,0.0,0.0,0.0,0.0,0.0,0.0,0.0,0.0,0.0,0.0,0.2864372610350897,0.0,0.0,0.0,0.0,0.0,0.0,0.0,0.0,0.0,0.0,0.0,0.0,0.0,0.0,0.0,0.0,0.0,0.0,0.0,0.0,0.0,0.0,0.0,0.0,0.0,0.24089373136029116,0.2864372610350897,0.0,0.0,0.0,0.0,0.0,0.0,0.0,0.0,0.0,0.0,0.0,0.0,0.0,0.0,0.0,0.0,0.0,0.0,0.0,0.0,0.0,0.0,0.0,0.0,0.0,0.0,0.0,0.0,0.0,0.33818998683249285,0.0,0.0,0.3533430534294461,0.0,0.0,0.0,0.0,0.0,0.0,0.0,0.0,0.0,0.0,0.0,0.0,0.0,0.0,0.29046937147372975,0.0,0.0,0.345450464673685,0.0,0.0,0.0,0.0,0.0,0.0,0.0,0.0,0.0,0.0,0.0,0.0,0.0,0.0,0.0,0.0,ID,social_posts.csv,post_id
1.0,0.32,0.0,0.0,10.933333333333334,0.0,0.0,0.0,0.0,1,0,0,0.42929283932005347,0.0,0.0,0.0,0.0,0.0,0.0,0.0,0.0,0.0,0.0,0.0,0.0,0.0,0.0,0.0,0.0,0.0,0.0,0.0,0.0,0.0,0.0,0.0,0.0,0.0,0.0,0.0,0.0,0.0,0.0,0.0,0.0,0.0,0.0,0.0,0.0,0.0,0.0,0.36340833087906976,0.0,0.0,0.0,0.0,0.0,0.0,0.0,0.0,0.0,0.0,0.0,0.0,0.0,0.0,0.0,0.0,0.0,0.0,0.0,0.0,0.0,0.0,0.0,0.0,0.0,0.0,0.0,0.29561191918125895,0.0,0.0,0.0,0.0,0.0,0.0,0.0,0.0,0.0,0.0,0.0,0.0,0.0,0.0,0.0,0.0,0.0,0.0,0.0,0.0,0.0,0.0,0.0,0.0,0.0,0.43979647883700035,0.0,0.0,0.0,0.0,0.0,0.0,0.0,0.0,0.0,0.0,0.0,0.0,0.0,0.0,0.0,0.0,0.0,0.3344945289981674,0.0,0.0,0.0,0.0,0.0,0.0,0.0,0.4197037677261421,0.0,0.0,0.0,0.0,0.0,0.0,0.0,0.0,0.0,0.0,0.0,0.0,0.0,0.0,0.0,0.0,0.0,0.0,0.0,0.3388168399349992,0.0,0.0,0.0,0.0,0.0,0.0,0.0,0.0,0.0,0.0,CATEGORICO_NOMINAL,social_posts.csv,autor_handle
1.0,0.013333333333333334,0.0,0.0,7.423333333333333,0.0,0.0,0.0,0.0,1,0,0,0.0,0.0,0.0,0.0,0.0,0.0,0.0,0.0,0.0,0.36695394557923117,0.0,0.0,0.0,0.0,0.0,0.0,0.0,0.0,0.0,0.0,0.0,0.0,0.0,0.0,0.0,0.0,0.0,0.0,0.3284493153581063,0.0,0.0,0.0,0.0,0.0,0.0,0.0,0.0,0.0,0.0,0.0,0.0,0.0,0.0,0.0,0.0,0.0,0.2800352315422445,0.36695394557923117,0.0,0.0,0.0,0.0,0.0,0.0,0.0,0.0,0.0,0.0,0.0,0.0,0.0,0.0,0.0,0.0,0.0,0.0,0.0,0.0,0.0,0.0,0.0,0.0,0.0,0.0,0.0,0.0,0.0,0.0,0.0,0.0,0.0,0.0,0.0,0.0,0.0,0.0,0.0,0.0,0.0,0.0,0.0,0.0,0.42684179380381104,0.0,0.0,0.0,0.0,0.40853674417825325,0.0,0.0,0.0,0.0,0.0,0.0,0.0,0.0,0.0,0.0,0.0,0.0,0.0,0.3325847340041322,0.0,0.0,0.0,0.0,0.0,0.0,0.0,0.0,0.0,0.0,0.0,0.0,0.0,0.0,0.0,0.0,0.0,0.0,0.0,0.0,0.0,0.0,0.2910019354051101,0.0,0.0,0.0,0.0,0.0,0.0,0.0,0.0,0.0,0.0,0.0,0.0,0.0,0.0,0.0,CATEGORICO_NOMINAL,social_posts.csv,plataforma
1.0,0.9866666666666667,1.0,0.056666666666666664,3.91,8.513344461213379,0.5684749484963698,4.204692619390966,9.208137948420983,0,1,0,0.0,0.0,0.0,0.0,0.0,0.0,0.0,0.0,0.0,0.0,0.0,0.0,0.0,0.0,0.0,0.0,0.0,0.33340855905611066,0.36065178527782515,0.0,0.0,0.0,0.0,0.0,0.0,0.0,0.0,0.0,0.0,0.0,0.0,0.0,0.0,0.0,0.0,0.0,0.0,0.0,0.0,0.0,0.0,0.0,0.0,0.0,0.0,0.0,0.0,0.0,0.0,0.0,0.0,0.0,0.0,0.0,0.2738799003266279,0.0,0.0,0.0,0.0,0.0,0.0,0.0,0.0,0.0,0.0,0.0,0.0,0.0,0.0,0.0,0.0,0.0,0.0,0.0,0.0,0.31227707110289904,0.0,0.0,0.0,0.0,0.0,0.0,0.0,0.0,0.0,0.0,0.0,0.0,0.0,0.0,0.0,0.0,0.0,0.0,0.30765668767568627,0.0,0.0,0.0,0.0,0.0,0.0,0.0,0.0,0.28743141788417226,0.0,0.0,0.0,0.0,0.0,0.0,0.0,0.0,0.0,0.0,0.0,0.0,0.0,0.0,0.0,0.0,0.0,0.0,0.0,0.0,0.0,0.0,0.0,0.36065178527782515,0.0,0.0,0.0,0.0,0.37791746810088467,0.0,0.0,0.0,0.0,0.0,0.0,0.0,0.0,0.0,0.0,0.368891682213317,0.0,0.0,0.0,0.0,0.0,0.0,NUMERICO_INTEIRO,social_posts.csv,likes_count
1.0,0.7166666666666667,1.0,0.0,2.8133333333333335,5.5541733183333655,0.5449770851497793,1.791759469228055,6.214608098422191,0,1,0,0.0,0.0,0.0,0.0,0.0,0.0,0.0,0.0,0.0,0.0,0.0,0.0,0.29005934972014796,0.0,0.0,0.0,0.0,0.3049440229415325,0.3298613766695684,0.0,0.0,0.0,0.0,0.0,0.0,0.0,0.0,0.0,0.0,0.0,0.0,0.0,0.0,0.0,0.0,0.0,0.0,0.0,0.0,0.0,0.0,0.0,0.0,0.28561662185310266,0.0,0.0,0.0,0.0,0.0,0.0,0.0,0.0,0.0,0.0,0.2504975842397983,0.0,0.0,0.0,0.0,0.0,0.0,0.0,0.0,0.0,0.0,0.0,0.0,0.0,0.0,0.0,0.0,0.0,0.0,0.0,0.0,0.28561662185310266,0.0,0.0,0.0,0.0,0.0,0.0,0.0,0.0,0.0,0.0,0.0,0.0,0.0,0.0,0.0,0.0,0.0,0.0,0.0,0.0,0.0,0.0,0.0,0.0,0.0,0.0,0.0,0.2628921499121958,0.0,0.0,0.0,0.0,0.0,0.0,0.0,0.0,0.0,0.0,0.0,0.0,0.0,0.0,0.0,0.0,0.0,0.2773614064904383,0.0,0.0,0.0,0.0,0.0,0.3298613766695684,0.0,0.0,0.0,0.0,0.34565301319444297,0.0,0.0,0.0,0.0,0.0,0.0,0.0,0.0,0.0,0.0,0.3373977978317786,0.0,0.0,0.0,0.0,0.0,0.0,NUMERICO_INTEIRO,social_posts.csv,shares_count
1.0,0.01,0.0,0.0,7.3133333333333335,0.0,0.0,0.0,0.0,1,0,0,0.0,0.0,0.0,0.0,0.0,0.0,0.0,0.0,0.0,0.0,0.0,0.0,0.21043029008856975,0.0,0.0,0.0,0.0,0.0,0.0,0.0,0.18834975217693978,0.0,0.0,0.0,0.0,0.0,0.0,0.0,0.18834975217693978,0.0,0.0,0.0,0.0,0.0,0.0,0.0,0.0,0.0,0.0,0.0,0.0,0.0,0.0,0.0,0.0,0.0,0.0,0.0,0.0,0.0,0.0,0.0,0.0,0.0,0.0,0.0,0.0,0.0,0.0,0.0,0.0,0.0,0.0,0.0,0.0,0.0,0.0,0.0,0.0,0.0,0.0,0.0,0.3721290890158834,0.4505681656319097,0.0,0.0,0.0,0.0,0.22122872188148204,0.2647835159538608,0.0,0.0,0.0,0.0,0.0,0.25738246750829225,0.0,0.0,0.0,0.0,0.0,0.0,0.0,0.0,0.0,0.0,0.0,0.0,0.20121827234139492,0.0,0.0,0.0,0.0,0.38144242839546355,0.0,0.0,0.18385953632068605,0.0,0.0,0.0,0.0,0.0,0.0,0.0,0.0,0.0,0.0,0.0,0.0,0.0,0.0,0.0,0.0,0.0,0.0,0.0,0.0,0.0,0.0,0.25738246750829225,0.0,0.0,0.0,0.0,0.0,0.0,0.0,0.0,0.1860645445079417,0.1931856981236175,0.0,0.0,0.0,0.0,0.0,0.0,0.0,0.0,0.0,0.0,CATEGORICO_NOMINAL,social_posts.csv,sentimento_ia
1.0,1.0,0.0,1.0,19.0,0.0,0.0,0.0,0.0,1,0,0,0.0,0.0,0.0,0.17721375769404452,0.21070523252104467,0.21070523252104467,0.0,0.0,0.0,0.0,0.0,0.0,0.0,0.0,0.0,0.0,0.0,0.0,0.0,0.0,0.0,0.0,0.0,0.0,0.0,0.2231318807830972,0.0,0.0,0.0,0.16217327629611228,0.21456768655227407,0.2521881960999929,0.0,0.0,0.0,0.0,0.0,0.0,0.0,0.0,0.21070523252104467,0.2521881960999929,0.0,0.0,0.0,0.0,0.15294777958157832,0.20042046451064524,0.21070523252104467,0.0,0.38886148632105305,0.23312961099704466,0.0,0.0,0.0,0.0,0.0,0.16217327629611228,0.0,0.0,0.19164664741809645,0.2070770146629455,0.0,0.0,0.0,0.0,0.0,0.0,0.0,0.0,0.0,0.0,0.0,0.0,0.0,0.0,0.0,0.0,0.0,0.0,0.2070770146629455,0.0,0.0,0.0,0.0,0.0,0.0,0.0,0.0,0.0,0.0,0.0,0.0,0.0,0.19443074316052653,0.0,0.0,0.0,0.0,0.0,0.0,0.0,0.0,0.0,0.0,0.14750336738766048,0.0,0.0,0.0,0.0,0.0,0.0,0.0,0.0,0.0,0.0,0.0,0.0,0.0,0.0,0.0,0.0,0.0,0.0,0.0,0.0,0.0,0.0,0.0,0.0,0.0,0.0,0.0,0.0,0.158937500931697,0.19735070108579203,0.0,0.0,0.0,0.0,0.0,0.0,0.0,0.0,0.0,0.0,0.0,0.0,0.0,0.0,DATA_HORA,social_posts.csv,data_publicacao
1.0,1.0,0.0,0.0,8.0,0.0,0.0,0.0,0.0,1,0,0,0.0,0.20947025132435348,0.25850395457420733,0.0,0.0,0.0,0.0,0.0,0.0,0.0,0.0,0.0,0.0,0.0,0.0,0.0,0.0,0.0,0.0,0.0,0.212042923221728,0.22653021933797368,0.22653021933797368,0.0,0.0,0.0,0.0,0.0,0.0,0.0,0.0,0.0,0.0,0.0,0.0,0.0,0.0,0.0,0.0,0.0,0.0,0.0,0.0,0.0,0.0,0.0,0.0,0.0,0.0,0.0,0.0,0.0,0.0,0.0,0.20458964864468362,0.22338567140362234,0.0,0.0,0.0,0.0,0.0,0.0,0.0,0.0,0.0,0.0,0.0,0.0,0.0,0.0,0.0,0.0,0.20947025132435348,0.2536233518945375,0.0,0.0,0.0,0.0,0.0,0.0,0.0,0.18786734561831414,0.22338567140362234,0.0,0.0,0.0,0.0,0.0,0.0,0.0,0.0,0.0,0.0,0.0,0.0,0.0,0.0,0.0,0.0,0.0,0.0,0.0,0.0,0.4294253994121867,0.2980915562396888,0.0,0.0,0.0,0.0,0.0,0.25850395457420733,0.0,0.0,0.0,0.0,0.0,0.0,0.0,0.0,0.0,0.0,0.0,0.0,0.0,0.0,0.0,0.0,0.0,0.0,0.0,0.0,0.0,0.0,0.2694086785670352,0.0,0.0,0.20947025132435348,0.0,0.0,0.0,0.0,0.0,0.0,0.0,0.0,0.0,0.0,0.0,0.0,0.0,ID,streaming_content.csv,content_id
1.0,1.0,0.0,0.0,8.633333333333333,0.0,0.0,0.0,0.0,1,0,0,0.0,0.0,0.0,0.0,0.0,0.0,0.0,0.0,0.0,0.0,0.0,0.0,0.0,0.32555871747821363,0.37599088609546916,0.0,0.0,0.0,0.0,0.0,0.0,0.0,0.0,0.0,0.0,0.0,0.0,0.0,0.2959303576130837,0.0,0.0,0.0,0.0,0.0,0.0,0.0,0.0,0.0,0.0,0.0,0.0,0.0,0.0,0.0,0.0,0.0,0.0,0.0,0.0,0.0,0.0,0.0,0.0,0.0,0.0,0.0,0.0,0.0,0.0,0.0,0.0,0.0,0.0,0.0,0.0,0.0,0.0,0.0,0.0,0.0,0.0,0.0,0.0,0.0,0.0,0.0,0.0,0.0,0.0,0.0,0.0,0.0,0.0,0.0,0.0,0.0,0.0,0.0,0.0,0.0,0.37599088609546916,0.0,0.0,0.0,0.0,0.37599088609546916,0.0,0.0,0.0,0.0,0.0,0.0,0.0,0.0,0.0,0.0,0.28887544424716216,0.0,0.0,0.0,0.0,0.0,0.0,0.0,0.0,0.0,0.0,0.0,0.0,0.0,0.2791567729044592,0.0,0.0,0.0,0.0,0.0,0.0,0.0,0.0,0.0,0.0,0.0,0.0,0.0,0.0,0.0,0.0,0.0,0.2923398972334413,0.0,0.0,0.0,0.36808852736057784,0.0,0.0,0.0,0.0,0.0,0.0,0.0,TEXTO_LIVRE,streaming_content.csv,titulo_obra
1.0,0.013333333333333334,0.0,0.0,5.45,0.0,0.0,0.0,0.0,1,0,0,0.0,0.0,0.0,0.0,0.0,0.0,0.0,0.0,0.0,0.0,0.0,0.0,0.0,0.0,0.0,0.0,0.0,0.0,0.0,0.0,0.0,0.0,0.0,0.0,0.0,0.0,0.0,0.0,0.0,0.0,0.0,0.0,0.0,0.0,0.0,0.0,0.0,0.0,0.0,0.0,0.0,0.0,0.0,0.0,0.0,0.0,0.0,0.0,0.0,0.0,0.0,0.0,0.0,0.0,0.0,0.0,0.0,0.0,0.0,0.0,0.0,0.0,0.0,0.0,0.0,0.0,0.0,0.0,0.0,0.0,0.0,0.0,0.3127174745778862,0.0,0.3654152020201784,0.0,0.0,0.43258104574771666,0.0,0.0,0.0,0.0,0.0,0.0,0.0,0.0,0.0,0.0,0.0,0.0,0.0,0.0,0.0,0.0,0.0,0.0,0.0,0.0,0.0,0.0,0.0,0.4450199399241835,0.0,0.0,0.0,0.26028950089101055,0.0,0.0,0.0,0.0,0.0,0.0,0.0,0.0,0.0,0.0,0.0,0.0,0.0,0.0,0.0,0.0,0.0,0.3430991576084885,0.4450199399241835,0.0,0.0,0.0,0.0,0.0,0.0,0.0,0.0,0.0,0.0,0.0,0.0,0.0,0.0,0.0,0.0,0.0,0.0,0.0,0.0,0.0,0.0,0.0,0.0,0.0,CATEGORICO_NOMINAL,streaming_content.csv,genero
1.0,0.33,1.0,0.0,2.776666666666667,4.851040190625432,0.22732944122715942,4.394449154672439,5.19295685089021,0,1,0,0.0,0.0,0.0,0.22903621692170179,0.0,0.0,0.0,0.0,0.0,0.0,0.0,0.0,0.0,0.0,0.0,0.0,0.0,0.0,0.0,0.0,0.0,0.0,0.0,0.0,0.30867557767608217,0.0,0.0,0.0,0.0,0.0,0.27731352148414995,0.3259353626865266,0.0,0.0,0.0,0.0,0.0,0.0,0.0,0.0,0.2723215735064198,0.0,0.31682503948276913,0.0,0.0,0.0,0.0,0.0,0.0,0.0,0.25128794990987646,0.30130349274223134,0.0,0.0,0.0,0.0,0.0,0.0,0.0,0.0,0.0,0.0,0.0,0.0,0.0,0.0,0.0,0.0,0.0,0.0,0.0,0.0,0.0,0.0,0.0,0.0,0.0,0.0,0.0,0.0,0.0,0.0,0.0,0.0,0.0,0.0,0.2409595173144876,0.0,0.0,0.0,0.0,0.0,0.0,0.0,0.0,0.0,0.0,0.0,0.0,0.0,0.0,0.0,0.0,0.0,0.0,0.0,0.22632196131311186,0.0,0.0,0.0,0.0,0.0,0.0,0.0,0.0,0.0,0.0,0.0,0.0,0.0,0.21870778432631297,0.0,0.0,0.0,0.0,0.0,0.0,0.0,0.0,0.0,0.0,0.0,0.0,0.0,0.0,0.0,0.0,0.0,0.0,0.0,0.0,0.0,0.0,0.0,0.28838213530473666,0.31682503948276913,0.0,0.0,0.0,0.0,NUMERICO_INTEIRO,streaming_content.csv,duracao_min
1.0,0.13666666666666666,1.0,0.0,3.0,1.3639635406348771,0.3851634485929088,0.6931471805599453,1.791759469228055,0,0,1,0.23891734982415783,0.0,0.0,0.0,0.0,0.0,0.0,0.0,0.0,0.0,0.0,0.0,0.0,0.0,0.0,0.0,0.0,0.0,0.0,0.0,0.0,0.0,0.0,0.0,0.2447630138722048,0.0,0.0,0.0,0.18384385295922065,0.0,0.21989460201870184,0.2584490885197296,0.0,0.0,0.0,0.0,0.0,0.0,0.19367815677479816,0.0,0.21593625765818789,0.0,0.2512250956742654,0.0,0.0,0.0,0.0,0.0,0.0,0.0,0.1992577334195585,0.23891734982415783,0.0,0.0,0.0,0.0,0.0,0.0,0.0,0.0,0.0,0.0,0.0,0.0,0.2512250956742654,0.0,0.0,0.0,0.0,0.0,0.0,0.0,0.0,0.0,0.0,0.0,0.0,0.0,0.43187251531637577,0.2584490885197296,0.0,0.0,0.0,0.0,0.0,0.0,0.0,0.0,0.0,0.0,0.0,0.0,0.0,0.0,0.1992577334195585,0.0,0.0,0.0,0.19640451896261615,0.0,0.0,0.0,0.0,0.0,0.0,0.0,0.1794610567299122,0.0,0.0,0.0,0.0,0.0,0.0,0.0,0.0,0.0,0.0,0.0,0.0,0.0,0.0,0.0,0.0,0.0,0.0,0.0,0.0,0.0,0.0,0.0,0.0,0.0,0.0,0.0,0.0,0.0,0.0,0.0,0.0,0.0,0.0,0.0,0.0,0.0,0.0,0.0,0.0,0.2512250956742654,0.0,0.0,NUMERICO_CONTINUO,streaming_content.csv,avaliacao_media
1.0,0.006666666666666667,0.0,0.0,4.49,0.412109650826833,0.9818338144459352,0.0,0.693359375,0,0,0,0.0,0.0,0.0,0.0,0.0,0.0,0.0,0.0,0.0,0.0,0.0,0.0,0.0,0.0,0.0,0.0,0.0,0.0,0.0,0.0,0.0,0.0,0.0,0.0,0.0,0.0,0.0,0.0,0.0,0.0,0.0,0.0,0.0,0.0,0.0,0.0,0.0,0.0,0.3492147045369023,0.0,0.0,0.0,0.0,0.0,0.0,0.0,0.0,0.0,0.0,0.0,0.0,0.0,0.0,0.0,0.0,0.0,0.0,0.0,0.0,0.0,0.0,0.0,0.0,0.0,0.0,0.0,0.0,0.0,0.0,0.0,0.0,0.0,0.0,0.0,0.0,0.0,0.0,0.0,0.0,0.0,0.0,0.0,0.0,0.0,0.0,0.0,0.34450813881283116,0.0,0.0,0.0,0.0,0.0,0.0,0.0,0.3592750553884781,0.0,0.0,0.0,0.0,0.4041144696122564,0.0,0.46600103794974335,0.0,0.0,0.0,0.0,0.0,0.0,0.0,0.0,0.0,0.33565640766952143,0.0,0.0,0.0,0.0,0.0,0.0,0.0,0.0,0.0,0.0,0.37034304512531074,0.0,0.0,0.0,0.0,0.0,0.0,0.0,0.0,0.0,0.0,0.0,0.0,0.0,0.0,0.0,0.0,0.0,0.0,0.0,0.0,0.0,0.0,0.0,0.0,0.0,0.0,0.0,BOOLEANO,streaming_content.csv,original_netflix
1.0,0.9966666666666667,0.0,0.0,8.0,0.0,0.0,0.0,0.0,1,0,0,0.0,0.0,0.0,0.0,0.0,0.0,0.0,0.0,0.0,0.0,0.0,0.0,0.0,0.42352473299852644,0.4891327772665753,0.0,0.0,0.0,0.0,0.0,0.0,0.0,0.0,0.0,0.0,0.0,0.0,0.0,0.0,0.0,0.0,0.0,0.0,0.0,0.0,0.0,0.0,0.0,0.0,0.0,0.0,0.0,0.0,0.0,0.0,0.0,0.0,0.0,0.0,0.0,0.0,0.0,0.0,0.0,0.0,0.0,0.0,0.0,0.0,0.0,0.0,0.0,0.0,0.0,0.0,0.0,0.0,0.0,0.0,0.0,0.0,0.0,0.0,0.0,0.0,0.0,0.0,0.0,0.0,0.0,0.4443979011107244,0.0,0.0,0.0,0.0,0.0,0.0,0.0,0.0,0.0,0.0,0.0,0.0,0.0,0.0,0.0,0.0,0.0,0.0,0.0,0.0,0.0,0.0,0.0,0.0,0.0,0.0,0.0,0.0,0.0,0.0,0.0,0.0,0.0,0.0,0.0,0.0,0.0,0.0,0.0,0.0,0.0,0.0,0.0,0.0,0.0,0.0,0.0,0.0,0.0,0.0,0.0,0.0,0.4891327772665753,0.0,0.0,0.0,0.0,0.38030981900798116,0.0,0.0,0.0,0.0,0.0,0.0,0.0,0.0,0.0,0.0,0.0,ID,support_tickets.csv,ticket_num
1.0,0.013333333333333334,0.0,0.0,5.293333333333333,0.0,0.0,0.0,0.0,1,0,0,0.0,0.0,0.0,0.0,0.0,0.0,0.0,0.0,0.0,0.20959615463277176,0.2637339269489936,0.0,0.0,0.0,0.0,0.0,0.0,0.0,0.0,0.0,0.0,0.0,0.0,0.0,0.0,0.0,0.0,0.0,0.0,0.0,0.0,0.0,0.1949748539504235,0.24380279785959263,0.2637339269489936,0.0,0.0,0.0,0.0,0.0,0.0,0.0,0.0,0.0,0.0,0.0,0.0,0.0,0.0,0.0,0.0,0.0,0.0,0.0,0.0,0.0,0.0,0.16959792593464307,0.24380279785959263,0.24380279785959263,0.0,0.0,0.18760314290165234,0.23334734954489242,0.0,0.0,0.0,0.16788310070856585,0.0,0.0,0.0,0.0,0.0,0.0,0.0,0.0,0.0,0.0,0.0,0.0,0.0,0.16621400964998204,0.0,0.22439106764677635,0.24380279785959263,0.0,0.0,0.23334734954489242,0.0,0.0,0.0,0.0,0.0,0.0,0.0,0.0,0.0,0.0,0.0,0.0,0.0,0.0,0.0,0.0,0.0,0.0,0.0,0.0,0.0,0.0,0.0,0.18996520456210272,0.0,0.0,0.0,0.0,0.22439106764677635,0.0,0.0,0.0,0.0,0.0,0.4191923092655435,0.0,0.0,0.0,0.0,0.0,0.0,0.0,0.0,0.0,0.0,0.0,0.0,0.0,0.0,0.0,0.0,0.0,0.0,0.0,0.0,0.0,0.0,0.0,0.0,0.0,0.0,0.0,CATEGORICO_ORDINAL,support_tickets.csv,prioridade
1.0,1.0,0.0,0.0,33.63333333333333,0.0,0.0,0.0,0.0,1,0,0,0.0,0.0,0.0,0.1981343625426972,0.0,0.0,0.0,0.0,0.0,0.0,0.0,0.0,0.0,0.0,0.0,0.0,0.0,0.0,0.0,0.0,0.0,0.0,0.0,0.0,0.0,0.24947325499547154,0.0,0.0,0.20056780931232232,0.0,0.0,0.0,0.0,0.0,0.0,0.0,0.0,0.0,0.0,0.0,0.23557960438965947,0.0,0.274078606777474,0.0,0.0,0.0,0.0,0.0,0.0,0.0,0.21738386373660443,0.26065124664008366,0.0,0.0,0.0,0.0,0.0,0.0,0.0,0.0,0.0,0.0,0.20056780931232232,0.0,0.0,0.0,0.0,0.0,0.0,0.0,0.0,0.26065124664008366,0.0,0.0,0.0,0.2206485312754127,0.0,0.0,0.0,0.0,0.2315230647516838,0.0,0.0,0.0,0.0,0.0,0.0,0.0,0.0,0.0,0.0,0.0,0.0,0.2670286806049421,0.0,0.0,0.0,0.24947325499547154,0.0,0.0,0.0,0.0,0.0,0.0,0.0,0.0,0.19578631771374444,0.0,0.0,0.0,0.0,0.0,0.0,0.0,0.0,0.0,0.23989803246931993,0.274078606777474,0.0,0.0,0.0,0.0,0.22408068929324707,0.21738386373660443,0.0,0.0,0.0,0.0,0.0,0.0,0.0,0.0,0.0,0.0,0.0,0.0,0.0,0.0,0.0,0.0,0.0,0.0,0.0,0.0,0.0,0.0,0.0,0.0,0.0,0.0,TEXTO_LIVRE,support_tickets.csv,descricao_problema
1.0,1.0,0.0,1.0,19.0,0.0,0.0,0.0,0.0,1,0,0,0.0,0.0,0.0,0.19840123916937377,0.23589691779923913,0.23589691779923913,0.0,0.0,0.0,0.0,0.0,0.0,0.0,0.0,0.0,0.0,0.24980928242597275,0.0,0.0,0.0,0.0,0.0,0.0,0.0,0.0,0.0,0.0,0.0,0.2008379636645622,0.18156253439902764,0.0,0.0,0.0,0.0,0.0,0.0,0.0,0.0,0.0,0.0,0.0,0.0,0.0,0.0,0.0,0.0,0.17123404746926804,0.224382514265425,0.23589691779923913,0.0,0.0,0.0,0.0,0.0,0.0,0.0,0.0,0.18156253439902764,0.0,0.0,0.21455970927523654,0.23183491421447164,0.0,0.0,0.0,0.0,0.0,0.0,0.0,0.0,0.0,0.0,0.0,0.0,0.23183491421447164,0.0,0.0,0.0,0.0,0.0,0.0,0.0,0.0,0.0,0.0,0.0,0.0,0.0,0.0,0.0,0.0,0.0,0.0,0.0,0.0,0.0,0.0,0.0,0.0,0.0,0.0,0.0,0.0,0.0,0.0,0.0,0.0,0.0,0.0,0.0,0.0,0.0,0.0,0.0,0.0,0.0,0.0,0.0,0.0,0.0,0.18945429683359888,0.0,0.0,0.0,0.0,0.2744477763303082,0.0,0.0,0.0,0.0,0.0,0.0,0.0,0.0,0.1779398932997847,0.22094573331019468,0.0,0.0,0.0,0.0,0.0,0.0,0.24980928242597275,0.0,0.24980928242597275,0.2744477763303082,0.0,0.0,0.0,0.0,DATA_HORA,support_tickets.csv,data_abertura
1.0,0.03333333333333333,0.0,0.0,8.076666666666666,0.0,0.0,0.0,0.0,1,0,0,0.0,0.0,0.0,0.0,0.0,0.0,0.0,0.0,0.0,0.0,0.0,0.0,0.0,0.0,0.0,0.0,0.2786309570942662,0.0,0.0,0.0,0.0,0.0,0.0,0.0,0.0,0.0,0.0,0.0,0.0,0.0,0.0,0.0,0.0,0.0,0.0,0.0,0.0,0.2982382093420183,0.0,0.0,0.0,0.0,0.0,0.0,0.0,0.0,0.0,0.0,0.0,0.0,0.0,0.0,0.0,0.0,0.0,0.0,0.0,0.0,0.0,0.0,0.0,0.0,0.0,0.0,0.0,0.0,0.0,0.20046265415747322,0.254311185095815,0.0,0.0,0.0,0.2212917255179765,0.267936610652598,0.0,0.0,0.0,0.3061121102013794,0.0,0.0,0.0,0.0,0.0,0.0,0.0,0.0,0.0,0.0,0.0,0.0,0.0,0.0,0.0,0.0,0.0,0.0,0.0,0.0,0.23931447450093235,0.0,0.0,0.0,0.2730926506235408,0.22683003198870189,0.3149143824746555,0.0,0.0,0.0,0.0,0.3061121102013794,0.0,0.0,0.0,0.0,0.0,0.0,0.0,0.0,0.0,0.0,0.0,0.0,0.0,0.0,0.0,0.0,0.0,0.0,0.0,0.0,0.0,0.0,0.0,0.0,0.0,0.0,0.2212917255179765,0.2982382093420183,0.0,0.0,0.0,0.0,0.0,0.0,0.0,0.0,0.0,0.0,0.0,0.0,TEXTO_LIVRE,support_tickets.csv,nome_agente
1.0,1.0,0.0,0.0,8.0,0.0,0.0,0.0,0.0,1,0,0,0.0,0.0,0.0,0.0,0.0,0.0,0.0,0.0,0.3773741321571221,0.0,0.0,0.0,0.0,0.0,0.0,0.0,0.0,0.0,0.0,0.0,0.27615837612362504,0.2950261983036701,0.2950261983036701,0.0,0.0,0.0,0.0,0.0,0.0,0.0,0.0,0.0,0.0,0.0,0.0,0.0,0.0,0.0,0.0,0.0,0.0,0.0,0.0,0.0,0.0,0.0,0.0,0.0,0.0,0.0,0.0,0.0,0.0,0.0,0.0,0.2909308329031219,0.0,0.0,0.0,0.0,0.0,0.0,0.0,0.0,0.0,0.0,0.0,0.0,0.0,0.0,0.0,0.3588862303154331,0.0,0.0,0.0,0.0,0.0,0.0,0.0,0.0,0.0,0.2446728252201968,0.2909308329031219,0.0,0.0,0.0,0.0,0.0,0.0,0.0,0.0,0.0,0.0,0.0,0.0,0.0,0.0,0.0,0.2950261983036701,0.0,0.0,0.0,0.0,0.0,0.0,0.0,0.26957482236273295,0.0,0.0,0.0,0.0,0.0,0.0,0.0,0.0,0.0,0.0,0.0,0.0,0.0,0.0,0.0,0.0,0.29931211299964,0.0,0.0,0.0,0.0,0.0,0.0,0.0,0.0,0.0,0.0,0.0,0.0,0.0,0.0,0.0,0.0,0.0,0.0,0.0,0.0,0.0,0.0,0.0,0.0,0.0,0.0,ID,treinos_fitness.csv,membro_id
1.0,0.013333333333333334,0.0,0.0,7.766666666666667,0.0,0.0,0.0,0.0,1,0,0,0.0,0.0,0.0,0.0,0.0,0.0,0.0,0.0,0.0,0.0,0.0,0.0,0.0,0.2664218331292795,0.30769313102531354,0.0,0.0,0.0,0.0,0.0,0.0,0.0,0.0,0.0,0.0,0.0,0.0,0.28445034139394426,0.0,0.0,0.0,0.0,0.0,0.0,0.0,0.0,0.0,0.0,0.0,0.0,0.0,0.0,0.0,0.0,0.0,0.0,0.0,0.0,0.0,0.0,0.0,0.0,0.0,0.0,0.0,0.0,0.0,0.0,0.0,0.0,0.0,0.0,0.0,0.0,0.0,0.0,0.0,0.0,0.0,0.3147230690178685,0.0,0.0,0.0,0.0,0.0,0.0,0.0,0.0,0.0,0.0,0.0,0.0,0.0,0.0,0.0,0.0,0.2516914693158169,0.0,0.33093592065668287,0.0,0.0,0.0,0.0,0.0,0.0,0.0,0.0,0.0,0.0,0.0,0.0,0.0,0.295238785878874,0.0,0.0,0.1991283401373804,0.2364019799516327,0.0,0.0,0.0,0.0,0.0,0.0,0.0,0.0,0.3147230690178685,0.0,0.0,0.0,0.0,0.0,0.2587214073083719,0.0,0.0,0.0,0.0,0.0,0.0,0.0,0.0,0.0,0.0,0.0,0.0,0.0,0.0,0.0,0.0,0.23923712416937729,0.0,0.27493425894718615,0.0,0.0,0.0,0.0,0.0,0.0,0.0,0.0,0.0,CATEGORICO_NOMINAL,treinos_fitness.csv,tipo_treino
1.0,0.7666666666666667,1.0,0.0,3.0,6.08660046930609,0.4779472928793212,4.61512051684126,6.684611727667927,0,1,0,0.0,0.1843692785688811,0.0,0.0,0.0,0.0,0.0,0.0,0.0,0.0,0.0,0.0,0.0,0.0,0.0,0.0,0.0,0.0,0.0,0.0,0.0,0.0,0.0,0.0,0.0,0.0,0.0,0.0,0.0,0.0,0.0,0.0,0.19396728154467022,0.0,0.0,0.0,0.0,0.0,0.19661720372664043,0.0,0.0,0.0,0.0,0.0,0.0,0.5413703926672422,0.0,0.0,0.0,0.0,0.2022814498973991,0.0,0.0,0.0,0.0,0.0,0.0,0.16872149399081823,0.0,0.0,0.0,0.0,0.0,0.0,0.0,0.0,0.0,0.0,0.0,0.24254289707448304,0.0,0.0,0.0,0.0,0.0,0.0,0.0,0.0,0.21921306909852223,0.0,0.0,0.0,0.0,0.0,0.0,0.2550374117555583,0.0,0.0,0.0,0.0,0.0,0.0,0.0,0.0,0.0,0.23712524042704022,0.0,0.23214147942578015,0.0,0.0,0.0,0.0,0.0,0.0,0.0,0.0,0.0,0.0,0.0,0.0,0.0,0.18898352054341014,0.0,0.0,0.0,0.0,0.0,0.0,0.24847726849866375,0.0,0.0,0.0,0.20851302366751573,0.0,0.0,0.0,0.21921306909852223,0.23712524042704022,0.0,0.0,0.0,0.0,0.0,0.0,0.0,0.0,0.0,0.0,0.0,0.0,0.0,0.0,0.0,0.0,0.0,0.0,0.0,0.0,0.0,0.0,NUMERICO_INTEIRO,treinos_fitness.csv,calorias_queimadas
1.0,0.22666666666666666,1.0,0.0,2.0,4.020339148911605,0.3677948077060383,3.044522437723423,4.499809670330265,0,1,0,0.0,0.0,0.0,0.20788230330431562,0.0,0.0,0.0,0.0,0.0,0.0,0.0,0.0,0.0,0.0,0.0,0.0,0.0,0.0,0.0,0.0,0.0,0.0,0.0,0.0,0.2801661279754313,0.0,0.0,0.0,0.0,0.0,0.25170068890573594,0.2958317895495355,0.0,0.0,0.0,0.0,0.0,0.0,0.0,0.0,0.24716980004661443,0.0,0.28756290091306586,0.0,0.0,0.0,0.0,0.0,0.0,0.0,0.22807885373754133,0.27347493294609726,0.0,0.0,0.0,0.0,0.0,0.0,0.0,0.0,0.0,0.0,0.0,0.0,0.0,0.0,0.0,0.0,0.0,0.0,0.0,0.0,0.0,0.0,0.0,0.0,0.0,0.0,0.0,0.0,0.0,0.0,0.0,0.0,0.0,0.0,0.21870436097691903,0.0,0.0,0.0,0.0,0.0,0.0,0.0,0.0,0.0,0.0,0.0,0.0,0.0,0.0,0.0,0.0,0.0,0.0,0.0,0.20541873786801074,0.0,0.0,0.0,0.0,0.0,0.26174699933792467,0.0,0.0,0.0,0.0,0.0,0.0,0.0,0.19850781054369337,0.0,0.0,0.0,0.0,0.0,0.24716980004661443,0.0,0.0,0.0,0.0,0.0,0.0,0.0,0.0,0.0,0.0,0.0,0.0,0.21583847689840602,0.0,0.0,0.0,0.0,0.26174699933792467,0.28756290091306586,0.0,0.0,0.0,0.0,NUMERICO_INTEIRO,treinos_fitness.csv,duracao_minutos
1.0,0.25666666666666665,1.0,0.0,2.79,4.808192659306079,0.18760193930779656,4.394449154672439,5.075173815233827,0,1,0,0.0,0.0,0.0,0.0,0.0,0.0,0.0,0.0,0.0,0.0,0.0,0.0,0.0,0.0,0.0,0.0,0.0,0.0,0.0,0.0,0.0,0.0,0.0,0.0,0.5030493867504534,0.0,0.0,0.0,0.0,0.0,0.0,0.0,0.0,0.0,0.0,0.0,0.0,0.0,0.0,0.0,0.0,0.0,0.0,0.0,0.0,0.0,0.0,0.0,0.0,0.0,0.0,0.0,0.0,0.0,0.0,0.0,0.0,0.0,0.0,0.0,0.0,0.0,0.0,0.0,0.5163305857201437,0.0,0.0,0.0,0.0,0.0,0.0,0.0,0.0,0.0,0.0,0.0,0.0,0.0,0.0,0.0,0.0,0.0,0.0,0.0,0.0,0.0,0.0,0.469977111266859,0.0,0.0,0.0,0.0,0.0,0.0,0.0,0.0,0.0,0.0,0.40366055008109897,0.0,0.0,0.0,0.0,0.0,0.0,0.3106826611405424,0.0,0.0,0.0,0.0,0.0,0.0,0.0,0.0,0.0,0.0,0.0,0.0,0.0,0.0,0.0,0.0,0.0,0.0,0.0,0.0,0.0,0.0,0.0,0.0,0.0,0.0,0.0,0.0,0.0,0.0,0.0,0.0,0.0,0.0,0.0,0.0,0.0,0.0,0.0,0.0,0.0,0.0,0.0,0.0,NUMERICO_INTEIRO,treinos_fitness.csv,bpm_medio
1.0,1.0,0.0,1.0,19.0,0.0,0.0,0.0,0.0,1,0,0,0.0,0.0,0.0,0.21092843778942807,0.2507916208540266,0.2507916208540266,0.0,0.0,0.0,0.0,0.0,0.0,0.0,0.0,0.0,0.0,0.0,0.0,0.0,0.0,0.0,0.0,0.0,0.0,0.0,0.0,0.0,0.2507916208540266,0.0,0.1930265249461601,0.0,0.0,0.0,0.0,0.0,0.0,0.0,0.0,0.0,0.0,0.0,0.0,0.0,0.0,0.0,0.0,0.18204588983549483,0.23855018950192147,0.2507916208540266,0.0,0.0,0.0,0.0,0.0,0.0,0.0,0.0,0.1930265249461601,0.0,0.0,0.22810716545648255,0.24647313940694943,0.0,0.0,0.0,0.0,0.0,0.0,0.0,0.2774822073067313,0.0,0.0,0.0,0.0,0.0,0.0,0.0,0.0,0.0,0.0,0.0,0.0,0.0,0.0,0.0,0.0,0.22190907290009335,0.0,0.0,0.0,0.0,0.0,0.0,0.0,0.0,0.0,0.0,0.0,0.0,0.0,0.0,0.0,0.26030347963967687,0.0,0.0,0.17556568551226473,0.0,0.0,0.0,0.0,0.0,0.0,0.0,0.0,0.0,0.0,0.0,0.0,0.0,0.0,0.0,0.22810716545648255,0.0,0.0,0.0,0.0,0.0,0.0,0.0,0.0,0.0,0.0,0.0,0.0,0.1891751476516727,0.23489640769619224,0.0,0.0,0.0,0.0,0.24240156679640887,0.0,0.0,0.0,0.0,0.0,0.0,0.0,0.0,0.0,DATA_HORA,treinos_fitness.csv,data_treino
1.0,1.0,0.0,0.0,9.0,0.0,0.0,0.0,0.0,1,0,0,0.0,0.0,0.0,0.0,0.0,0.0,0.0,0.0,0.0,0.0,0.0,0.0,0.29179087303889806,0.0,0.0,0.0,0.0,0.0,0.0,0.0,0.2611731352992827,0.2790171288228605,0.2790171288228605,0.0,0.0,0.0,0.0,0.0,0.0,0.0,0.0,0.0,0.0,0.0,0.0,0.0,0.0,0.0,0.0,0.0,0.0,0.0,0.0,0.0,0.0,0.0,0.0,0.0,0.0,0.0,0.0,0.0,0.0,0.0,0.0,0.2751439911079336,0.0,0.0,0.0,0.0,0.0,0.0,0.0,0.0,0.0,0.0,0.0,0.0,0.0,0.0,0.0,0.0,0.0,0.0,0.0,0.0,0.0,0.0,0.0,0.0,0.0,0.2313960915553974,0.2751439911079336,0.0,0.0,0.0,0.0,0.32485627880107565,0.3568965991898797,0.0,0.0,0.0,0.0,0.0,0.0,0.0,0.0,0.0,0.0,0.0,0.0,0.0,0.0,0.0,0.0,0.0,0.0,0.0,0.0,0.0,0.318399158423274,0.0,0.0,0.0,0.0,0.0,0.0,0.0,0.0,0.0,0.0,0.0,0.29179087303889806,0.0,0.0,0.0,0.0,0.0,0.0,0.0,0.0,0.0,0.0,0.0,0.0,0.0,0.0,0.0,0.25800437693977335,0.0,0.0,0.0,0.0,0.0,0.0,0.0,0.0,0.0,0.0,0.0,ID,vendas_assinaturas.csv,subscription_id
1.0,1.0,0.0,1.0,19.0,0.0,0.0,0.0,0.0,1,0,0,0.0,0.0,0.0,0.0,0.0,0.0,0.0,0.0,0.0,0.0,0.0,0.34016371326235106,0.0,0.0,0.0,0.0,0.0,0.0,0.0,0.31445656606671124,0.0,0.0,0.0,0.0,0.0,0.0,0.0,0.0,0.0,0.0,0.0,0.0,0.0,0.0,0.0,0.0,0.0,0.0,0.2549139614446494,0.0,0.0,0.0,0.0,0.0,0.0,0.0,0.20630340928832533,0.0,0.0,0.34016371326235106,0.0,0.0,0.0,0.0,0.0,0.0,0.0,0.2187472082750995,0.0,0.0,0.25850232575584886,0.0,0.0,0.0,0.0,0.0,0.0,0.2165354286863051,0.0,0.0,0.0,0.0,0.2390345416265199,0.0,0.0,0.0,0.0,0.0,0.0,0.0,0.0,0.0,0.0,0.0,0.0,0.0,0.0,0.0,0.0,0.0,0.0,0.0,0.0,0.0,0.0,0.0,0.0,0.0,0.0,0.0,0.0,0.34016371326235106,0.0,0.0,0.0,0.0,0.0,0.0,0.0,0.0,0.0,0.0,0.0,0.0,0.0,0.0,0.0,0.0,0.0,0.0,0.0,0.25850232575584886,0.0,0.0,0.0,0.0,0.0,0.0,0.0,0.0,0.0,0.0,0.0,0.0,0.0,0.0,0.2390345416265199,0.3221504712782055,0.0,0.0,0.0,0.0,0.0,0.0,0.0,0.0,0.0,0.0,0.0,0.0,DATA_HORA,vendas_assinaturas.csv,renewal_date
1.0,0.99,0.0,0.0,6.0,0.0,0.0,0.0,0.0,1,0,0,0.0,0.0,0.0,0.0,0.0,0.0,0.0,0.0,0.0,0.0,0.0,0.0,0.0,0.0,0.0,0.0,0.0,0.0,0.0,0.0,0.2776837822701569,0.29665582396484824,0.29665582396484824,0.0,0.0,0.0,0.0,0.0,0.0,0.0,0.0,0.0,0.0,0.0,0.0,0.0,0.0,0.0,0.0,0.0,0.0,0.0,0.0,0.0,0.0,0.0,0.0,0.0,0.0,0.0,0.0,0.0,0.0,0.0,0.0,0.29253783714089077,0.0,0.0,0.0,0.0,0.0,0.0,0.0,0.0,0.0,0.0,0.0,0.0,0.0,0.0,0.0,0.0,0.0,0.0,0.32054097077419785,0.0,0.0,0.0,0.0,0.0,0.0,0.24602431575515385,0.29253783714089077,0.0,0.0,0.0,0.0,0.0,0.0,0.0,0.0,0.0,0.0,0.0,0.0,0.0,0.0,0.0,0.0,0.0,0.0,0.0,0.0,0.0,0.0,0.0,0.0,0.0,0.0,0.0,0.0,0.0,0.0,0.0,0.0,0.0,0.0,0.0,0.0,0.3528079112674366,0.0,0.0,0.0,0.0,0.0,0.0,0.0,0.0,0.0,0.37945862015569326,0.0,0.0,0.0,0.0,0.0,0.0,0.0,0.0,0.0,0.0,0.0,0.0,0.0,0.0,0.0,0.0,0.37945862015569326,0.0,0.0,0.0,ID,vendas_assinaturas.csv,user_id
1.0,0.01,0.0,0.0,5.97,0.0,0.0,0.0,0.0,1,0,0,0.0,0.0,0.0,0.0,0.0,0.0,0.0,0.0,0.0,0.39459101646076633,0.0,0.0,0.0,0.0,0.0,0.0,0.0,0.0,0.0,0.0,0.0,0.0,0.0,0.0,0.0,0.0,0.0,0.4148398322351212,0.0,0.0,0.0,0.0,0.0,0.0,0.0,0.0,0.0,0.0,0.0,0.3885472171258807,0.0,0.0,0.0,0.0,0.0,0.0,0.0,0.0,0.0,0.0,0.0,0.0,0.0,0.0,0.0,0.0,0.0,0.0,0.0,0.0,0.0,0.0,0.0,0.0,0.0,0.0,0.0,0.3160609672025935,0.0,0.0,0.0,0.0,0.0,0.0,0.0,0.0,0.0,0.0,0.0,0.0,0.0,0.0,0.0,0.0,0.0,0.0,0.0,0.0,0.0,0.0,0.0,0.0,0.4589893072797506,0.0,0.0,0.0,0.0,0.0,0.0,0.0,0.0,0.0,0.0,0.0,0.0,0.0,0.0,0.0,0.0,0.0,0.0,0.0,0.0,0.0,0.4589893072797506,0.0,0.0,0.0,0.0,0.0,0.0,0.0,0.0,0.0,0.0,0.0,0.0,0.0,0.0,0.0,0.0,0.0,0.0,0.0,0.0,0.0,0.0,0.0,0.0,0.0,0.0,0.0,0.0,0.0,0.0,0.0,0.0,0.0,0.0,0.0,CATEGORICO_ORDINAL,vendas_assinaturas.csv,plan_type
1.0,0.01,1.0,0.0,4.0,4.1861131243604595,0.4527509744224303,3.4307561839036995,4.6141299273595635,0,0,1,0.0,0.0,0.0,0.0,0.0,0.0,0.0,0.0,0.382479857464483,0.0,0.0,0.0,0.0,0.0,0.0,0.0,0.0,0.3287540555168269,0.35561695649065495,0.0,0.0,0.0,0.0,0.0,0.0,0.0,0.0,0.0,0.0,0.0,0.0,0.0,0.0,0.0,0.0,0.0,0.0,0.0,0.0,0.0,0.0,0.0,0.0,0.0,0.0,0.0,0.0,0.0,0.0,0.0,0.0,0.0,0.0,0.0,0.2700564382984847,0.0,0.0,0.0,0.0,0.0,0.0,0.0,0.0,0.0,0.0,0.0,0.0,0.0,0.0,0.0,0.0,0.0,0.0,0.0,0.0,0.0,0.0,0.0,0.0,0.0,0.0,0.0,0.0,0.0,0.0,0.0,0.0,0.0,0.0,0.0,0.0,0.0,0.0,0.0,0.0,0.0,0.0,0.0,0.0,0.0,0.0,0.0,0.0,0.2834187717912503,0.0,0.0,0.0,0.0,0.0,0.0,0.34122282197974624,0.0,0.34814280521113206,0.0,0.0,0.0,0.0,0.0,0.0,0.0,0.0,0.0,0.0,0.0,0.0,0.0,0.0,0.0,0.0,0.0,0.2990177880779961,0.0,0.37264160416442016,0.0,0.0,0.0,0.0,0.0,0.0,0.0,0.0,0.0,0.0,0.0,0.0,0.0,0.0,0.0,0.0,0.0,NUMERICO_CONTINUO,vendas_assinaturas.csv,monthly_cost
1.0,0.31333333333333335,1.0,0.0,1.9033333333333333,3.943198622896596,0.5608295245243697,0.6931471805599453,4.59511985013459,0,1,0,0.0,0.0,0.0,0.0,0.0,0.0,0.0,0.0,0.0,0.0,0.0,0.0,0.0,0.0,0.0,0.0,0.0,0.2741266655211926,0.29652589481314745,0.0,0.0,0.0,0.0,0.0,0.0,0.0,0.0,0.0,0.0,0.0,0.0,0.0,0.0,0.0,0.0,0.0,0.0,0.0,0.0,0.0,0.0,0.0,0.0,0.0,0.0,0.0,0.0,0.0,0.0,0.0,0.0,0.0,0.3107216433375136,0.0,0.22518253293305507,0.0,0.0,0.0,0.0,0.0,0.0,0.0,0.0,0.0,0.0,0.0,0.0,0.0,0.0,0.0,0.0,0.0,0.23055439060488,0.0,0.0,0.2567524734893069,0.0,0.0,0.0,0.0,0.26940636858634626,0.0,0.0,0.0,0.0,0.0,0.0,0.0,0.0,0.0,0.0,0.0,0.0,0.0,0.2529536198968349,0.0,0.0,0.0,0.0,0.0,0.0,0.0,0.0,0.23632451540440594,0.0,0.0,0.0,0.0,0.0,0.0,0.0,0.0,0.0,0.0,0.0,0.0,0.0,0.0,0.0,0.0,0.0,0.0,0.0,0.0,0.0,0.0,0.0,0.29652589481314745,0.0,0.3189251241051024,0.0,0.0,0.3107216433375136,0.0,0.0,0.0,0.0,0.0,0.0,0.0,0.0,0.0,0.0,0.30330069230952644,0.0,0.0,0.0,0.0,0.0,0.0,NUMERICO_INTEIRO,vendas_assinaturas.csv,licenses_count
1.0,0.01,0.0,0.0,5.6466666666666665,0.0,0.0,0.0,0.0,1,0,0,0.0,0.0,0.0,0.0,0.0,0.0,0.0,0.0,0.0,0.31121647155487425,0.0,0.0,0.0,0.0,0.0,0.0,0.0,0.0,0.0,0.0,0.0,0.0,0.0,0.0,0.0,0.0,0.0,0.0,0.0,0.0,0.0,0.0,0.0,0.0,0.0,0.0,0.0,0.0,0.0,0.0,0.0,0.0,0.0,0.0,0.0,0.0,0.23750003977764061,0.0,0.0,0.3916023283832864,0.0,0.0,0.0,0.0,0.0,0.0,0.0,0.0,0.0,0.0,0.0,0.0,0.0,0.0,0.0,0.0,0.0,0.0,0.0,0.0,0.0,0.0,0.2751806833457949,0.333184530240145,0.0,0.0,0.0,0.0,0.0,0.0,0.0,0.0,0.0,0.0,0.0,0.0,0.0,0.0,0.0,0.0,0.0,0.0,0.0,0.0,0.0,0.0,0.0,0.0,0.2975923319028786,0.0,0.0,0.0,0.0,0.2820676781289272,0.0,0.0,0.0,0.0,0.0,0.0,0.0,0.0,0.0,0.37086517380829925,0.0,0.0,0.0,0.0,0.0,0.0,0.0,0.0,0.0,0.0,0.0,0.0,0.0,0.0,0.0,0.0,0.0,0.0,0.0,0.35392168481513214,0.0,0.0,0.2751806833457949,0.0,0.0,0.0,0.0,0.0,0.0,0.0,0.0,0.0,0.0,0.0,0.0,0.0,CATEGORICO_NOMINAL,vendas_assinaturas.csv,payment_gateway
1.0,0.006666666666666667,0.0,0.0,4.133333333333334,0.6241543090729939,0.3928876295809608,0.0,0.693359375,0,0,0,0.0,0.0,0.0,0.0,0.0,0.0,0.0,0.0,0.0,0.0,0.0,0.0,0.0,0.0,0.0,0.0,0.3982330462889874,0.0,0.0,0.0,0.0,0.0,0.0,0.0,0.0,0.0,0.0,0.0,0.0,0.0,0.38294816119958774,0.0,0.0,0.0,0.0,0.0,0.0,0.0,0.0,0.0,0.0,0.0,0.0,0.0,0.0,0.0,0.0,0.0,0.0,0.0,0.0,0.0,0.0,0.0,0.0,0.0,0.0,0.0,0.0,0.0,0.0,0.0,0.0,0.0,0.0,0.0,0.0,0.28651106921079844,0.0,0.0,0.0,0.0,0.0,0.0,0.0,0.0,0.0,0.0,0.0,0.0,0.0,0.0,0.0,0.0,0.0,0.0,0.0,0.0,0.0,0.406782566738402,0.0,0.0,0.0,0.0,0.0,0.0,0.0,0.0,0.0,0.0,0.0,0.0,0.0,0.0,0.0,0.0,0.0,0.0,0.0,0.0,0.0,0.0,0.0,0.0,0.0,0.0,0.0,0.0,0.0,0.0,0.0,0.0,0.0,0.0,0.0,0.0,0.0,0.406782566738402,0.0,0.0,0.0,0.0,0.0,0.0,0.0,0.0,0.0,0.0,0.31628100082847443,0.0,0.0,0.0,0.0,0.0,0.0,0.0,0.0,0.0,0.42625669403225386,0.0,BOOLEANO,vendas_assinaturas.csv,is_active
1.0,1.0,0.0,0.0,10.0,0.0,0.0,0.0,0.0,1,0,0,0.0,0.0,0.0,0.0,0.0,0.0,0.0,0.0,0.0,0.0,0.0,0.0,0.0,0.3047145062662784,0.35191770659579535,0.0,0.0,0.0,0.0,0.0,0.2769831307475539,0.2959073022000885,0.2959073022000885,0.0,0.0,0.0,0.0,0.0,0.0,0.0,0.0,0.0,0.0,0.0,0.0,0.0,0.0,0.0,0.0,0.0,0.0,0.0,0.0,0.0,0.0,0.0,0.0,0.0,0.0,0.0,0.0,0.0,0.0,0.0,0.0,0.2917997058775665,0.0,0.0,0.0,0.0,0.0,0.0,0.0,0.0,0.0,0.0,0.0,0.0,0.0,0.0,0.0,0.0,0.0,0.0,0.0,0.0,0.0,0.0,0.0,0.0,0.3197321820239385,0.24540354737602144,0.2917997058775665,0.0,0.0,0.0,0.0,0.0,0.0,0.0,0.0,0.0,0.0,0.0,0.0,0.0,0.0,0.0,0.0,0.0,0.0,0.0,0.0,0.0,0.0,0.0,0.0,0.0,0.0,0.0,0.0,0.0,0.0,0.0,0.0,0.0,0.0,0.0,0.0,0.0,0.0,0.0,0.0,0.0,0.0,0.0,0.0,0.0,0.0,0.0,0.0,0.0,0.0,0.35191770659579535,0.0,0.0,0.0,0.0,0.27362255306029054,0.0,0.0,0.0,0.0,0.0,0.0,0.0,0.0,0.0,0.0,0.0,ID,vendas_supermercado.csv,ticket_id
1.0,1.0,0.0,1.0,19.0,0.0,0.0,0.0,0.0,1,0,0,0.0,0.0,0.0,0.2887710177224005,0.0,0.0,0.0,0.0,0.0,0.0,0.0,0.0,0.0,0.0,0.0,0.0,0.0,0.34334560265679587,0.37140079701620576,0.0,0.0,0.0,0.0,0.0,0.0,0.0,0.0,0.0,0.2923176458348588,0.0,0.0,0.0,0.0,0.0,0.0,0.0,0.0,0.0,0.0,0.0,0.0,0.0,0.0,0.0,0.0,0.0,0.0,0.0,0.0,0.0,0.0,0.0,0.0,0.0,0.2820427276955527,0.0,0.0,0.0,0.0,0.0,0.0,0.0,0.0,0.0,0.0,0.0,0.0,0.0,0.0,0.0,0.0,0.0,0.0,0.0,0.0,0.0,0.0,0.0,0.0,0.0,0.0,0.0,0.0,0.0,0.0,0.0,0.0,0.0,0.0,0.0,0.0,0.0,0.0,0.0,0.0,0.0,0.0,0.0,0.0,0.0,0.0,0.0,0.0,0.0,0.0,0.0,0.0,0.0,0.0,0.3994559913756157,0.0,0.0,0.0,0.0,0.0,0.0,0.3496394976456361,0.0,0.0,0.0,0.27574883270671247,0.0,0.0,0.0,0.0,0.0,0.0,0.0,0.0,0.0,0.0,0.0,0.0,0.37140079701620576,0.0,0.0,0.0,0.0,0.0,0.0,0.0,0.0,0.0,0.0,0.0,0.0,0.0,0.0,0.0,0.0,DATA_HORA,vendas_supermercado.csv,dt_compra
1.0,0.86,0.0,0.0,6.0,0.0,0.0,0.0,0.0,1,0,0,0.0,0.22939787323444003,0.28309632048988276,0.0,0.0,0.0,0.0,0.0,0.0,0.0,0.0,0.0,0.0,0.0,0.0,0.0,0.0,0.27275157893297236,0.0,0.0,0.0,0.0,0.0,0.0,0.0,0.0,0.0,0.0,0.0,0.0,0.0,0.0,0.0,0.0,0.0,0.0,0.0,0.0,0.0,0.0,0.0,0.0,0.0,0.0,0.0,0.0,0.0,0.0,0.0,0.0,0.0,0.0,0.0,0.0,0.2240529621182313,0.0,0.3091629873650609,0.0,0.0,0.0,0.0,0.0,0.0,0.0,0.0,0.0,0.0,0.2078058111708285,0.0,0.0,0.0,0.0,0.22939787323444003,0.27775140937367404,0.0,0.0,0.0,0.0,0.0,0.0,0.0,0.0,0.0,0.0,0.0,0.0,0.0,0.0,0.0,0.0,0.0,0.0,0.0,0.0,0.2516847424984959,0.0,0.0,0.0,0.0,0.0,0.0,0.0,0.0,0.23513905367275578,0.32645002618841507,0.0,0.0,0.31732531746108406,0.0,0.0,0.0,0.0,0.0,0.0,0.0,0.0,0.0,0.0,0.0,0.0,0.0,0.0,0.0,0.0,0.0,0.0,0.0,0.0,0.0,0.0,0.0,0.0,0.0,0.0,0.0,0.0,0.22939787323444003,0.3091629873650609,0.0,0.0,0.0,0.0,0.0,0.0,0.0,0.0,0.0,0.0,0.0,0.0,ID,vendas_supermercado.csv,cod_cliente
1.0,0.013333333333333334,0.0,0.0,7.71,0.0,0.0,0.0,0.0,1,0,0,0.0,0.0,0.0,0.0,0.0,0.0,0.0,0.0,0.0,0.0,0.0,0.0,0.4902725539634853,0.0,0.0,0.0,0.0,0.0,0.0,0.0,0.0,0.0,0.0,0.0,0.0,0.0,0.0,0.0,0.0,0.0,0.0,0.0,0.0,0.0,0.0,0.0,0.0,0.0,0.0,0.0,0.0,0.0,0.0,0.0,0.0,0.0,0.0,0.0,0.0,0.0,0.0,0.0,0.0,0.0,0.0,0.0,0.0,0.0,0.0,0.0,0.0,0.0,0.0,0.0,0.0,0.0,0.0,0.0,0.0,0.0,0.0,0.0,0.0,0.0,0.0,0.0,0.0,0.0,0.0,0.0,0.0,0.0,0.0,0.0,0.0,0.0,0.0,0.0,0.0,0.0,0.0,0.0,0.0,0.0,0.0,0.0,0.0,0.0,0.0,0.0,0.0,0.0,0.0,0.0,0.0,0.0,0.0,0.0,0.0,0.0,0.0,0.444353219017959,0.0,0.0,0.0,0.0,0.0,0.0,0.0,0.0,0.0,0.0,0.0,0.0,0.0,0.0,0.0,0.0,0.0,0.5996644287169973,0.0,0.0,0.0,0.0,0.0,0.0,0.0,0.0,0.0,0.450095114959068,0.0,0.0,0.0,0.0,0.0,0.0,0.0,0.0,0.0,0.0,CATEGORICO_NOMINAL,vendas_supermercado.csv,setor
1.0,1.0,1.0,0.0,5.67,5.50115262673966,0.592205611882364,1.8309801823813363,6.216087004301591,0,0,1,0.0,0.0,0.0,0.0,0.0,0.0,0.0,0.0,0.0,0.0,0.0,0.0,0.0,0.3401602296964937,0.0,0.0,0.0,0.0,0.0,0.0,0.0,0.0,0.0,0.0,0.0,0.3845975281678558,0.0,0.0,0.0,0.0,0.0,0.0,0.0,0.0,0.0,0.0,0.0,0.41166164490237156,0.32574312326943816,0.0,0.0,0.0,0.0,0.3401602296964937,0.0,0.0,0.0,0.0,0.0,0.0,0.0,0.0,0.0,0.0,0.0,0.0,0.0,0.0,0.0,0.0,0.0,0.0,0.0,0.0,0.0,0.0,0.0,0.0,0.0,0.0,0.0,0.0,0.0,0.0,0.0,0.0,0.0,0.0,0.0,0.0,0.0,0.0,0.0,0.0,0.0,0.0,0.0,0.0,0.0,0.0,0.0,0.0,0.0,0.0,0.0,0.0,0.0,0.0,0.0,0.0,0.0,0.0,0.0,0.0,0.0,0.0,0.0,0.0,0.0,0.0,0.0,0.0,0.0,0.41166164490237156,0.0,0.0,0.0,0.0,0.0,0.0,0.0,0.0,0.0,0.0,0.0,0.0,0.0,0.0,0.0,0.0,0.0,0.0,0.0,0.0,0.2739499607899037,0.0,0.0,0.0,0.0,0.3171419153175151,0.0,0.0,0.0,0.0,0.0,0.0,0.0,0.0,0.0,0.0,NUMERICO_CONTINUO,vendas_supermercado.csv,total_pagar
1.0,0.16333333333333333,1.0,0.0,1.7933333333333332,3.221272949467922,0.5773378665435825,0.6931471805599453,3.912023005428146,0,1,0,0.0,0.0,0.0,0.0,0.0,0.0,0.0,0.0,0.0,0.0,0.0,0.0,0.0,0.0,0.0,0.0,0.0,0.0,0.0,0.0,0.0,0.0,0.0,0.0,0.0,0.3368061803137892,0.0,0.0,0.0,0.0,0.0,0.0,0.0,0.0,0.0,0.0,0.0,0.0,0.0,0.0,0.0,0.0,0.0,0.0,0.0,0.0,0.0,0.0,0.0,0.0,0.0,0.0,0.0,0.0,0.0,0.0,0.3605072213068047,0.0,0.0,0.0,0.0,0.0,0.0,0.0,0.0,0.0,0.0,0.0,0.0,0.0,0.0,0.0,0.0,0.0,0.0,0.0,0.0,0.0,0.0,0.0,0.0,0.0,0.0,0.0,0.0,0.0,0.0,0.0,0.0,0.0,0.0,0.0,0.0,0.0,0.0,0.0,0.0,0.0,0.0,0.0,0.0,0.0,0.0,0.0,0.0,0.0,0.0,0.37002511013103057,0.0,0.0,0.0,0.0,0.3368061803137892,0.0,0.0,0.0,0.3238789664337033,0.37002511013103057,0.0,0.0,0.0,0.0,0.0,0.2934832786316433,0.0,0.0,0.31804878930110186,0.0,0.0,0.0,0.0,0.0,0.0,0.0,0.0,0.0,0.0,0.0,0.0,0.27773282273637606,0.0,0.0,0.0,0.0,0.0,0.0,0.0,0.0,0.0,0.0,NUMERICO_INTEIRO,vendas_supermercado.csv,qtd_produtos
1.0,0.01,0.0,0.0,6.026666666666666,0.0,0.0,0.0,0.0,1,0,0,0.0,0.0,0.0,0.0,0.0,0.0,0.0,0.40270759794533917,0.0,0.0,0.0,0.0,0.0,0.0,0.0,0.0,0.0,0.0,0.0,0.0,0.0,0.0,0.0,0.0,0.0,0.3563089197860732,0.0,0.0,0.0,0.258966960222985,0.0,0.0,0.0,0.0,0.0,0.0,0.0,0.3813823679815873,0.0,0.0,0.0,0.0,0.0,0.0,0.0,0.0,0.0,0.0,0.0,0.0,0.0,0.0,0.0,0.0,0.0,0.0,0.0,0.0,0.0,0.0,0.0,0.0,0.0,0.0,0.0,0.0,0.0,0.0,0.0,0.0,0.0,0.0,0.0,0.0,0.0,0.0,0.0,0.0,0.0,0.0,0.0,0.0,0.0,0.0,0.0,0.0,0.0,0.0,0.0,0.0,0.0,0.0,0.0,0.0,0.0,0.0,0.0,0.3563089197860732,0.0,0.0,0.0,0.0,0.0,0.0,0.0,0.23554126516683274,0.0,0.0,0.0,0.0,0.0,0.29006670513496213,0.0,0.3813823679815873,0.0,0.0,0.0,0.0,0.0,0.0,0.0,0.0,0.0,0.0,0.0,0.0,0.0,0.0,0.0,0.0,0.0,0.0,0.0,0.0,0.0,0.0,0.0,0.0,0.0,0.29381492336672427,0.0,0.0,0.0,0.0,0.0,0.0,0.0,0.0,0.0,0.0,CATEGORICO_NOMINAL,vendas_supermercado.csv,forma_pagto
1.0,0.006666666666666667,0.0,0.0,4.983333333333333,0.016529301951210565,7.693979751384568,0.0,0.693359375,0,0,0,0.0,0.22202489200674222,0.0,0.0,0.0,0.0,0.0,0.0,0.0,0.0,0.0,0.0,0.0,0.0,0.0,0.0,0.0,0.0,0.0,0.0,0.0,0.0,0.0,0.0,0.0,0.0,0.0,0.0,0.0,0.0,0.0,0.0,0.23358319277529363,0.0,0.0,0.3071262969744261,0.3071262969744261,0.0,0.0,0.24725376102952734,0.0,0.0,0.0,0.0,0.0,0.0,0.0,0.0,0.0,0.0,0.24359544831466134,0.0,0.29922630892074065,0.0,0.0,0.0,0.0,0.0,0.0,0.0,0.0,0.0,0.0,0.0,0.0,0.3071262969744261,0.3071262969744261,0.0,0.0,0.0,0.3159577322498011,0.0,0.0,0.0,0.0,0.0,0.0,0.0,0.0,0.0,0.0,0.0,0.0,0.0,0.0,0.0,0.0,0.0,0.0,0.0,0.0,0.0,0.29207990044743654,0.0,0.0,0.0,0.0,0.0,0.0,0.0,0.29922630892074065,0.0,0.0,0.0,0.0,0.1848017876321841,0.0,0.0,0.0,0.0,0.0,0.0,0.0,0.0,0.0,0.0,0.0,0.0,0.0,0.0,0.0,0.0,0.0,0.0,0.0,0.0,0.0,0.0,0.0,0.0,0.0,0.0,0.0,0.0,0.0,0.0,0.0,0.0,0.0,0.0,0.0,0.0,0.0,0.0,0.0,0.0,0.0,0.0,0.0,0.0,BOOLEANO,vendas_supermercado.csv,cancelado
1.0,0.8533333333333334,0.0,0.0,7.0,0.0,0.0,0.0,0.0,1,0,0,0.0,0.0,0.0,0.0,0.0,0.0,0.0,0.5341145662865222,0.0,0.0,0.0,0.0,0.0,0.0,0.0,0.0,0.0,0.0,0.0,0.0,0.0,0.0,0.0,0.0,0.0,0.0,0.0,0.0,0.0,0.0,0.0,0.0,0.0,0.0,0.0,0.0,0.0,0.0,0.0,0.0,0.0,0.0,0.0,0.0,0.0,0.0,0.0,0.0,0.0,0.0,0.0,0.0,0.0,0.0,0.0,0.0,0.0,0.0,0.0,0.0,0.0,0.0,0.0,0.0,0.0,0.0,0.0,0.0,0.0,0.0,0.0,0.0,0.0,0.0,0.0,0.0,0.0,0.0,0.0,0.0,0.0,0.0,0.0,0.0,0.0,0.0,0.0,0.0,0.0,0.0,0.0,0.0,0.0,0.0,0.4117888690348333,0.0,0.0,0.0,0.0,0.0,0.0,0.0,0.46318228306250314,0.0,0.0,0.312400414914043,0.0,0.0,0.0,0.0,0.0,0.0,0.0,0.0,0.0,0.0,0.0,0.0,0.0,0.0,0.0,0.0,0.0,0.0,0.0,0.0,0.0,0.0,0.0,0.0,0.0,0.0,0.0,0.4827211522588524,0.0,0.0,0.0,0.0,0.0,0.0,0.0,0.0,0.0,0.0,0.0,0.0,0.0,0.0,0.0,0.0,ID,viagens_aereas.csv,flight_no
1.0,0.013333333333333334,0.0,0.0,3.6766666666666667,0.0,0.0,0.0,0.0,1,0,0,0.0,0.2783100540787566,0.34345807637246906,0.0,0.0,0.0,0.0,0.0,0.0,0.0,0.0,0.0,0.0,0.0,0.0,0.0,0.0,0.0,0.0,0.0,0.0,0.0,0.0,0.0,0.0,0.0,0.0,0.0,0.28172820271971327,0.0,0.0,0.0,0.0,0.0,0.0,0.0,0.0,0.0,0.0,0.30993465183720964,0.0,0.0,0.0,0.0,0.0,0.0,0.0,0.0,0.0,0.0,0.0,0.0,0.0,0.0,0.271825501799242,0.0,0.0,0.0,0.0,0.0,0.0,0.0,0.0,0.0,0.0,0.0,0.0,0.0,0.0,0.0,0.0,0.0,0.0,0.0,0.0,0.0,0.0,0.0,0.33090763053990385,0.3960556528336163,0.0,0.0,0.0,0.0,0.0,0.0,0.0,0.0,0.0,0.0,0.0,0.0,0.0,0.0,0.0,0.0,0.0,0.0,0.0,0.0,0.0,0.0,0.0,0.0,0.0,0.0,0.0,0.0,0.0,0.38498537505139346,0.0,0.0,0.0,0.3750826741309221,0.0,0.0,0.0,0.0,0.0,0.0,0.0,0.0,0.0,0.0,0.0,0.0,0.0,0.0,0.0,0.0,0.0,0.0,0.0,0.0,0.0,0.0,0.0,0.0,0.0,0.0,0.0,0.0,0.0,0.0,0.0,0.0,0.0,0.0,0.0,0.0,CATEGORICO_NOMINAL,viagens_aereas.csv,companhia
1.0,0.013333333333333334,0.0,0.0,3.0,0.0,0.0,0.0,0.0,1,0,0,0.0,0.0,0.0,0.0,0.0,0.0,0.0,0.0,0.0,0.0,0.0,0.0,0.0,0.0,0.0,0.0,0.0,0.0,0.0,0.0,0.0,0.0,0.0,0.0,0.0,0.0,0.0,0.0,0.0,0.0,0.0,0.0,0.0,0.0,0.0,0.0,0.0,0.0,0.0,0.0,0.0,0.0,0.0,0.0,0.0,0.0,0.0,0.0,0.0,0.0,0.0,0.0,0.0,0.0,0.0,0.0,0.0,0.0,0.0,0.0,0.0,0.0,0.0,0.0,0.0,0.0,0.0,0.0,0.0,0.0,0.0,0.5382357374018166,0.0,0.0,0.0,0.0,0.0,0.5659627679764582,0.0,0.0,0.0,0.0,0.0,0.0,0.0,0.0,0.0,0.0,0.0,0.0,0.0,0.0,0.0,0.0,0.0,0.0,0.0,0.0,0.0,0.0,0.0,0.0,0.0,0.0,0.0,0.0,0.0,0.0,0.0,0.0,0.0,0.41938018290115914,0.0,0.0,0.0,0.0,0.0,0.0,0.0,0.0,0.0,0.0,0.46271881141546295,0.0,0.0,0.0,0.0,0.0,0.0,0.0,0.0,0.0,0.0,0.0,0.0,0.0,0.0,0.0,0.0,0.0,0.0,0.0,0.0,0.0,0.0,0.0,0.0,0.0,0.0,0.0,CATEGORICO_NOMINAL,viagens_aereas.csv,origem
1.0,0.013333333333333334,0.0,0.0,3.0,0.0,0.0,0.0,0.0,1,0,0,0.0,0.0,0.0,0.33792653855306737,0.0,0.0,0.0,0.0,0.0,0.0,0.0,0.0,0.0,0.0,0.0,0.0,0.0,0.0,0.0,0.0,0.0,0.0,0.0,0.0,0.0,0.0,0.0,0.0,0.0,0.0,0.0,0.0,0.0,0.0,0.0,0.0,0.0,0.0,0.0,0.0,0.0,0.0,0.0,0.0,0.0,0.0,0.0,0.0,0.0,0.0,0.0,0.0,0.0,0.0,0.0,0.0,0.0,0.0,0.0,0.0,0.0,0.0,0.3420768849799036,0.0,0.0,0.0,0.0,0.0,0.0,0.0,0.0,0.0,0.0,0.0,0.0,0.3763254059206938,0.0,0.0,0.0,0.0,0.0,0.0,0.0,0.0,0.0,0.0,0.35551851454715194,0.0,0.0,0.0,0.0,0.0,0.0,0.0,0.0,0.0,0.0,0.0,0.0,0.0,0.0,0.0,0.4170298456188711,0.0,0.0,0.28127219361992356,0.0,0.0,0.0,0.0,0.0,0.0,0.0,0.0,0.0,0.0,0.0,0.0,0.0,0.0,0.0,0.0,0.0,0.0,0.0,0.0,0.0,0.0,0.0,0.0,0.36544842245887266,0.0,0.0,0.0,0.0,0.0,0.0,0.0,0.33792653855306737,0.0,0.0,0.0,0.0,0.0,0.0,0.0,0.0,0.0,0.0,0.0,CATEGORICO_NOMINAL,viagens_aereas.csv,destino
1.0,0.47,1.0,0.0,2.4,4.479115534647439,0.5814844167163931,0.6931471805599453,5.19295685089021,0,1,0,0.3223349268416686,0.0,0.0,0.0,0.0,0.0,0.0,0.0,0.0,0.0,0.0,0.0,0.0,0.0,0.0,0.0,0.0,0.0,0.0,0.0,0.0,0.0,0.0,0.0,0.3302215943216779,0.0,0.0,0.0,0.0,0.0,0.0,0.0,0.0,0.0,0.0,0.0,0.0,0.0,0.0,0.0,0.0,0.0,0.0,0.0,0.0,0.3597355107477184,0.21147211257796278,0.0,0.0,0.0,0.0,0.0,0.0,0.0,0.0,0.0,0.0,0.0,0.0,0.0,0.0,0.0,0.0,0.0,0.0,0.0,0.0,0.0,0.0,0.0,0.0,0.0,0.0,0.0,0.0,0.0,0.0,0.0,0.0,0.0,0.0,0.0,0.0,0.0,0.0,0.0,0.2577788517434029,0.0,0.0,0.0,0.0,0.0,0.0,0.0,0.0,0.0,0.0,0.0,0.0,0.0,0.0,0.0,0.0,0.0,0.0,0.0,0.24211957245691706,0.0,0.0,0.0,0.0,0.0,0.3085116393437268,0.0,0.0,0.0,0.0,0.0,0.0,0.0,0.23397391453685093,0.0,0.0,0.0,0.0,0.0,0.2913300263289535,0.0,0.0,0.0,0.0,0.0,0.0,0.0,0.0,0.0,0.0,0.0,0.0,0.25440093873019715,0.281583788949955,0.3302215943216779,0.0,0.0,0.0,0.0,0.0,0.0,0.0,0.0,NUMERICO_INTEIRO,viagens_aereas.csv,atraso_minutos
1.0,1.0,0.0,1.0,19.0,0.0,0.0,0.0,0.0,1,0,0,0.0,0.0,0.0,0.19287097116179966,0.22932148922302562,0.22932148922302562,0.0,0.0,0.0,0.0,0.0,0.0,0.0,0.0,0.0,0.0,0.0,0.0,0.0,0.0,0.0,0.0,0.0,0.0,0.0,0.24284605836356649,0.0,0.0,0.19523977400702547,0.17650163115283457,0.0,0.0,0.0,0.0,0.0,0.0,0.0,0.0,0.0,0.0,0.0,0.0,0.0,0.21478705645186996,0.0,0.0,0.16646104212670415,0.2181280400227426,0.22932148922302562,0.0,0.0,0.0,0.0,0.0,0.0,0.0,0.0,0.35300326230566914,0.0,0.0,0.2085790374765777,0.22537271057861402,0.0,0.0,0.0,0.0,0.0,0.0,0.0,0.0,0.0,0.0,0.0,0.0,0.0,0.0,0.0,0.0,0.0,0.0,0.0,0.17297996813345615,0.0,0.23352519930606086,0.0,0.0,0.0,0.0,0.0,0.0,0.0,0.0,0.0,0.0,0.0,0.0,0.0,0.0,0.0,0.0,0.0,0.0,0.0,0.0,0.0,0.0,0.0,0.0,0.0,0.0,0.0,0.0,0.0,0.2599351283411564,0.0,0.0,0.0,0.0,0.0,0.0,0.0,0.0,0.0,0.0,0.0,0.26679777493140744,0.0,0.0,0.0,0.0,0.0,0.0,0.0,0.0,0.17297996813345615,0.21478705645186996,0.0,0.0,0.19287097116179966,0.0,0.0,0.0,0.0,0.0,0.0,0.0,0.0,0.0,0.0,0.0,DATA_HORA,viagens_aereas.csv,data_partida
1.0,0.006666666666666667,0.0,0.0,4.973333333333334,0.02631730831737341,6.051617434917323,0.0,0.693359375,0,0,0,0.0,0.22202489200674222,0.0,0.0,0.0,0.0,0.0,0.0,0.0,0.0,0.0,0.0,0.0,0.0,0.0,0.0,0.0,0.0,0.0,0.0,0.0,0.0,0.0,0.0,0.0,0.0,0.0,0.0,0.0,0.0,0.0,0.0,0.23358319277529363,0.0,0.0,0.3071262969744261,0.3071262969744261,0.0,0.0,0.24725376102952734,0.0,0.0,0.0,0.0,0.0,0.0,0.0,0.0,0.0,0.0,0.24359544831466134,0.0,0.29922630892074065,0.0,0.0,0.0,0.0,0.0,0.0,0.0,0.0,0.0,0.0,0.0,0.0,0.3071262969744261,0.3071262969744261,0.0,0.0,0.0,0.3159577322498011,0.0,0.0,0.0,0.0,0.0,0.0,0.0,0.0,0.0,0.0,0.0,0.0,0.0,0.0,0.0,0.0,0.0,0.0,0.0,0.0,0.0,0.29207990044743654,0.0,0.0,0.0,0.0,0.0,0.0,0.0,0.29922630892074065,0.0,0.0,0.0,0.0,0.1848017876321841,0.0,0.0,0.0,0.0,0.0,0.0,0.0,0.0,0.0,0.0,0.0,0.0,0.0,0.0,0.0,0.0,0.0,0.0,0.0,0.0,0.0,0.0,0.0,0.0,0.0,0.0,0.0,0.0,0.0,0.0,0.0,0.0,0.0,0.0,0.0,0.0,0.0,0.0,0.0,0.0,0.0,0.0,0.0,0.0,BOOLEANO,viagens_aereas.csv,cancelado
